# Blender v3.4.1 OBJ File: ''
# www.blender.org
mtllib gwagwa.mtl
o Cube_Cube.002
v 0.212871 -0.105099 0.297160
v 0.147972 0.086358 0.263925
v -0.195500 -0.105217 0.269213
v -0.110194 0.084128 0.227010
v 0.231046 -0.118292 -0.279235
v 0.162701 0.110295 -0.234931
v -0.228134 -0.116338 -0.284923
v -0.180768 0.078637 -0.222932
v -0.233507 -0.119166 -0.124908
v -0.232992 -0.116289 0.120786
v -0.139220 0.113515 0.098550
v -0.168723 0.114667 -0.105526
v 0.253013 -0.116168 0.121769
v 0.244651 -0.117241 -0.121289
v 0.176226 0.136469 -0.093578
v 0.181878 0.129595 0.122579
v -0.078568 -0.119624 0.311505
v 0.088581 -0.119580 0.329239
v 0.048941 0.094228 0.299100
v -0.048406 0.089266 0.277019
v 0.083177 -0.117466 -0.319630
v -0.098469 -0.132359 -0.321909
v -0.056902 0.159437 -0.260584
v 0.098381 0.167909 -0.243540
v -0.069888 0.173046 -0.091829
v 0.079233 0.184775 -0.086246
v -0.051181 0.162172 0.113034
v 0.072183 0.172788 0.123315
v -0.095636 -0.148601 0.127181
v 0.100624 -0.148601 0.127035
v -0.095859 -0.150372 -0.124395
v 0.097485 -0.150473 -0.124189
v 0.218494 -0.006842 0.307303
v -0.197030 -0.008149 0.277301
v -0.233396 -0.024500 -0.260732
v 0.221687 0.003935 -0.271423
v 0.261531 0.005226 -0.110724
v 0.278918 0.003308 0.123611
v -0.247928 -0.002975 0.115102
v -0.255375 -0.005197 -0.118961
v -0.058375 0.066565 -0.370291
v 0.133265 0.082138 -0.364395
v 0.079122 -0.012126 0.372140
v -0.077704 -0.012264 0.351340
v -0.016919 0.109255 -0.447037
v 0.127006 0.117237 -0.424807
v 0.163106 -0.115404 0.316332
v 0.180807 0.049761 0.285519
v -0.082198 0.088259 0.249840
v -0.209254 -0.067374 0.283290
v -0.212983 -0.113874 0.212271
v -0.178260 0.098092 -0.181357
v -0.234882 -0.076238 -0.287842
v -0.180105 -0.126108 -0.303503
v 0.140264 0.134184 -0.244907
v 0.239536 -0.068622 -0.283254
v 0.244064 -0.119863 -0.218051
v 0.162952 0.107807 0.209999
v -0.235020 -0.120958 -0.225178
v -0.232775 -0.116855 -0.003623
v -0.114838 0.100915 0.173554
v -0.158311 0.116638 -0.002821
v 0.231628 -0.113776 0.230062
v 0.251872 -0.116334 -0.002988
v 0.164979 0.120199 -0.176266
v 0.184870 0.141024 0.012490
v 0.132867 0.170308 -0.090341
v 0.129454 0.160979 0.122585
v 0.187179 -0.141270 0.123534
v 0.182532 -0.143585 -0.123439
v 0.273278 -0.064350 -0.117944
v 0.286502 -0.065266 0.122907
v -0.260926 -0.066702 0.120934
v -0.260698 -0.069365 -0.124461
v -0.148091 -0.115461 0.288147
v 0.002116 -0.120386 0.332788
v 0.103203 0.092451 0.284951
v -0.002851 0.091768 0.295359
v 0.177845 -0.131107 -0.304637
v -0.008117 -0.129457 -0.335666
v -0.137918 0.105475 -0.239088
v 0.016020 0.177723 -0.227909
v -0.124214 0.150449 -0.100419
v 0.004592 0.184260 -0.088002
v -0.095258 0.144306 0.103355
v 0.006887 0.172288 0.121728
v -0.175427 -0.141270 0.122960
v 0.001165 -0.149804 0.128220
v -0.176803 -0.143611 -0.124465
v 0.000166 -0.151133 -0.124211
v -0.095221 -0.149266 -0.000212
v 0.100053 -0.149235 -0.000176
v -0.084471 -0.142997 0.232847
v 0.091418 -0.143005 0.242705
v -0.061263 0.172173 0.000671
v 0.080588 0.186219 0.006896
v -0.070976 0.167474 -0.143422
v 0.079865 0.178705 -0.138363
v -0.039629 0.131417 0.201052
v 0.057187 0.140407 0.224488
v -0.099856 -0.152156 -0.238492
v 0.091815 -0.149525 -0.237559
v -0.077380 -0.053805 -0.352169
v 0.110010 -0.040468 -0.355312
v 0.090024 -0.071258 0.369978
v -0.081572 -0.071520 0.351586
v 0.226888 -0.066655 0.311906
v -0.151506 0.049146 0.253255
v -0.210662 0.032540 -0.235150
v 0.188154 0.068085 -0.252810
v 0.222507 0.077657 -0.100599
v 0.236109 0.073658 0.122824
v -0.196486 0.062147 0.103476
v -0.217997 0.060222 -0.111127
v -0.088414 0.109172 -0.344214
v 0.149692 0.131067 -0.331690
v 0.058849 0.042514 0.348857
v -0.065644 0.041213 0.327374
v -0.000745 -0.013361 0.370424
v 0.157342 -0.009925 0.352071
v 0.036878 0.048892 -0.431644
v -0.160594 -0.000403 -0.312334
v -0.250271 -0.000483 -0.003274
v -0.230634 -0.005482 0.209007
v 0.274363 0.007254 0.002441
v 0.249600 -0.003264 -0.196835
v 0.258327 -0.002145 0.228838
v 0.183936 0.025933 -0.310952
v -0.259888 -0.020015 -0.201446
v -0.144661 -0.010466 0.322043
v 0.073893 0.204415 -0.334570
v -0.032861 0.161724 -0.413623
v 0.132213 0.160510 -0.383641
v 0.068003 0.116748 -0.485357
v 0.134594 0.085620 -0.404851
v 0.106718 0.170145 -0.287277
v -0.038515 0.075364 -0.418069
v -0.048538 0.164640 -0.306782
v -0.114223 0.044264 0.296642
v -0.227244 0.042001 -0.184763
v 0.167124 0.095673 -0.295299
v 0.215247 0.060995 0.216937
v 0.180707 -0.147123 -0.230097
v 0.110078 0.132149 0.217100
v 0.130802 0.158063 -0.173844
v 0.136453 0.174993 0.011259
v 0.169623 -0.136431 0.234747
v 0.187871 -0.141930 -0.001934
v 0.204518 0.062654 -0.181061
v 0.235560 0.081335 0.008530
v -0.175042 0.056480 0.187765
v -0.209442 0.063836 -0.003400
v -0.175996 -0.142100 -0.002145
v 0.001010 -0.150380 0.000582
v -0.156876 -0.136431 0.217964
v 0.001246 -0.144095 0.247064
v -0.112995 0.151440 -0.001457
v 0.008799 0.183601 0.003135
v -0.131631 0.134816 -0.172841
v 0.005566 0.181295 -0.134403
v -0.074964 0.121828 0.182739
v 0.005556 0.138386 0.217712
v -0.180644 -0.143441 -0.230514
v -0.004498 -0.153115 -0.241367
v -0.154010 0.058282 -0.285686
v 0.139765 0.174134 -0.344921
v 0.125741 0.045012 0.327193
v -0.005642 0.040843 0.346388
v 0.001513 -0.072022 0.371954
v 0.167814 -0.069365 0.353079
v 0.027790 -0.022495 -0.398936
v -0.170678 -0.070630 -0.326405
v -0.259194 -0.066112 -0.003654
v -0.241980 -0.067448 0.214895
v 0.282014 -0.063951 -0.001694
v 0.270320 -0.067084 -0.210506
v 0.265121 -0.066314 0.232611
v 0.183454 -0.064810 -0.322603
v -0.258971 -0.074557 -0.220970
v -0.153014 -0.069705 0.323067
v 0.093758 0.188685 -0.324298
v 0.054799 0.068616 -0.467246
v 0.067639 0.188778 -0.296114
v -0.051670 0.177704 -0.372642
v 0.128468 0.180639 -0.352249
v 0.152829 0.144349 -0.350619
v 0.108962 0.178333 -0.300303
v 0.042757 0.202135 -0.350741
v -0.010327 0.197282 -0.375103
v -0.009138 0.209559 -0.328793
v -0.037741 0.182158 -0.381776
v 0.061991 0.188483 -0.424312
v 0.008749 0.211174 -0.372734
v 0.024011 0.185984 -0.284073
v -0.049362 0.192200 -0.331698
v -0.064188 0.128074 -0.367157
v -0.004080 0.134748 -0.440534
v -0.011282 0.162735 -0.431629
v 0.023364 0.163508 -0.433967
v 0.026685 0.134013 -0.445153
v 0.082506 0.132516 -0.431699
v 0.091623 0.161262 -0.419656
v 0.121818 0.159493 -0.404731
v 0.114407 0.133143 -0.417152
v -0.061240 0.244090 -0.378200
v 0.142578 0.239129 -0.316390
v -0.054540 0.220022 -0.350937
v -0.024845 0.234408 -0.351208
v -0.047770 0.214929 -0.381143
v -0.033185 0.222853 -0.367378
v -0.058162 0.207917 -0.377263
v -0.018711 0.232884 -0.360370
v 0.102936 0.223497 -0.328986
v 0.104422 0.216652 -0.310646
v 0.128264 0.211440 -0.305122
v 0.148014 0.204943 -0.324608
v 0.109209 0.212228 -0.317794
v 0.135366 0.203363 -0.324759
v 0.127638 -0.118184 0.323577
v 0.193217 -0.110686 0.307006
v 0.201533 0.022927 0.297551
v 0.161507 0.071946 0.273536
v -0.066351 0.088822 0.263903
v -0.097462 0.086656 0.236670
v -0.207760 -0.038844 0.283135
v -0.203355 -0.090818 0.277393
v -0.224187 -0.115699 0.170382
v -0.202997 -0.110091 0.247000
v -0.173986 0.107812 -0.147269
v -0.180531 0.087477 -0.207472
v -0.235869 -0.050749 -0.276499
v -0.232691 -0.100687 -0.289907
v -0.141553 -0.129649 -0.312360
v -0.210820 -0.121982 -0.294337
v 0.122454 0.150987 -0.242648
v 0.153724 0.120633 -0.242609
v 0.233755 -0.032120 -0.279520
v 0.237305 -0.099557 -0.282973
v 0.244839 -0.118460 -0.172772
v 0.238553 -0.120455 -0.255753
v 0.173161 0.119480 0.169694
v 0.153896 0.095888 0.242741
v -0.233230 -0.120098 -0.262714
v -0.234620 -0.120340 -0.178485
v -0.232692 -0.117852 -0.065999
v -0.234009 -0.116467 0.060284
v -0.109979 0.091836 0.204610
v -0.125471 0.108557 0.138426
v -0.151623 0.116006 0.051926
v -0.163389 0.117041 -0.056767
v 0.220971 -0.109998 0.271622
v 0.243319 -0.115589 0.178985
v 0.255894 -0.116290 0.060402
v 0.247358 -0.116570 -0.064186
v 0.162661 0.114277 -0.211766
v 0.169552 0.127984 -0.136484
v 0.181740 0.140960 -0.042880
v 0.185421 0.137030 0.068993
v 0.108511 0.179636 -0.087990
v 0.154659 0.156343 -0.091919
v 0.101988 0.168801 0.122829
v 0.155618 0.148320 0.122569
v 0.145874 -0.146341 0.125280
v 0.223423 -0.131700 0.122279
v 0.142248 -0.148574 -0.123978
v 0.217095 -0.133604 -0.122490
v 0.271989 -0.030819 -0.114894
v 0.263867 -0.093736 -0.119920
v 0.288504 -0.032258 0.123715
v 0.274355 -0.093728 0.122083
v -0.260627 -0.035708 0.119861
v -0.251198 -0.094193 0.120801
v -0.262356 -0.038215 -0.122312
v -0.250980 -0.097006 -0.125105
v -0.176845 -0.110767 0.278116
v -0.114653 -0.118216 0.299153
v -0.039956 -0.120243 0.323836
v 0.046232 -0.120213 0.333426
v 0.129240 0.089543 0.273246
v 0.075890 0.094030 0.294248
v 0.022616 0.093272 0.299309
v -0.026974 0.090316 0.287704
v 0.211691 -0.127559 -0.292376
v 0.132452 -0.124335 -0.312091
v 0.036765 -0.121158 -0.329888
v -0.053430 -0.133051 -0.331590
v -0.164961 0.088178 -0.230231
v -0.102074 0.131023 -0.247912
v -0.019460 0.173728 -0.236372
v 0.056106 0.177892 -0.228277
v -0.146360 0.134656 -0.103359
v -0.099449 0.163199 -0.096035
v -0.034406 0.179959 -0.089395
v 0.043695 0.186091 -0.086604
v -0.116032 0.131113 0.100000
v -0.074440 0.154340 0.107928
v -0.023775 0.168284 0.117909
v 0.039491 0.173867 0.123581
v -0.207402 -0.131715 0.121479
v -0.137984 -0.146341 0.125086
v -0.048543 -0.149561 0.128001
v 0.051724 -0.149561 0.128001
v -0.208585 -0.134388 -0.124633
v -0.138889 -0.148392 -0.124421
v -0.048927 -0.151033 -0.124297
v 0.049565 -0.151064 -0.124213
v -0.095167 -0.149544 -0.063059
v -0.095496 -0.149088 0.063644
v 0.098801 -0.149484 -0.062949
v 0.101017 -0.149084 0.063648
v -0.091105 -0.147141 0.183670
v -0.079915 -0.134321 0.276001
v 0.096198 -0.147141 0.187271
v 0.088830 -0.134321 0.290964
v -0.057787 0.169368 0.059490
v -0.065722 0.173350 -0.052161
v 0.077988 0.181326 0.064484
v 0.080529 0.187009 -0.045793
v -0.072134 0.170987 -0.116387
v -0.063553 0.163776 -0.191936
v 0.078771 0.182342 -0.111572
v 0.084328 0.173534 -0.182731
v -0.041280 0.111692 0.240840
v -0.043780 0.149410 0.159432
v 0.051436 0.118690 0.264633
v 0.064385 0.159031 0.178149
v -0.101136 -0.148274 -0.286341
v -0.097647 -0.151789 -0.183541
v 0.084884 -0.138773 -0.284289
v 0.095859 -0.151908 -0.183175
v -0.062133 0.000154 -0.361438
v -0.089687 -0.098675 -0.341429
v 0.124546 0.011991 -0.358312
v 0.093935 -0.082935 -0.343018
v 0.087063 -0.041784 0.374924
v 0.089577 -0.097986 0.355241
v -0.081053 -0.042060 0.355607
v -0.079598 -0.098119 0.336589
v 0.220931 -0.090521 0.305971
v 0.226717 -0.037678 0.312310
v -0.127125 0.070876 0.238944
v -0.176735 0.021947 0.266685
v -0.193809 0.059918 -0.228526
v -0.224770 0.003567 -0.246039
v 0.172807 0.093290 -0.242864
v 0.205420 0.037035 -0.261170
v 0.199212 0.109781 -0.096453
v 0.244149 0.042085 -0.105662
v 0.209197 0.104303 0.122631
v 0.260361 0.039318 0.123199
v -0.166661 0.090388 0.099728
v -0.225141 0.030278 0.109083
v -0.193291 0.089543 -0.107988
v -0.239743 0.028133 -0.114988
v -0.079249 0.134344 -0.311020
v -0.080745 0.084704 -0.365495
v 0.130855 0.149677 -0.293203
v 0.154020 0.107260 -0.354942
v 0.051638 0.068635 0.327322
v 0.068803 0.015743 0.363693
v -0.057282 0.065619 0.305993
v -0.072298 0.015502 0.341845
v 0.038707 -0.013102 0.374491
v -0.040115 -0.012963 0.362101
v 0.190478 -0.008561 0.333599
v 0.119494 -0.011066 0.364175
v -0.011170 0.048231 -0.417022
v 0.083826 0.056721 -0.412080
v -0.200875 -0.015319 -0.288557
v -0.111587 0.025432 -0.342548
v -0.250563 -0.001498 0.058478
v -0.251922 -0.001381 -0.063953
v -0.215867 -0.006776 0.246105
v -0.241871 -0.004348 0.165941
v 0.267702 0.007508 -0.057202
v 0.279875 0.005660 0.064155
v 0.237518 -0.001167 -0.238218
v 0.256544 0.000195 -0.155621
v 0.271176 0.000603 0.178868
v 0.240844 -0.004676 0.272062
v 0.163486 0.049565 -0.339117
v 0.203612 0.011372 -0.291902
v -0.259369 -0.012243 -0.164452
v -0.252444 -0.025254 -0.232410
v -0.112614 -0.011404 0.338081
v -0.173021 -0.009389 0.302146
v 0.087313 0.211912 -0.331289
v -0.050938 0.206068 -0.340139
v -0.035276 0.131496 -0.427236
v 0.137824 0.136948 -0.398807
v 0.052392 0.112445 -0.476325
v 0.104209 0.108079 -0.458126
v 0.132979 0.083573 -0.390724
v 0.132162 0.100488 -0.417455
v 0.116412 0.192259 -0.301870
v 0.100898 0.168174 -0.269550
v -0.043599 0.068138 -0.399329
v -0.028922 0.090149 -0.436375
v -0.048836 0.160374 -0.289103
v -0.091414 0.042470 0.313443
v -0.096861 0.067584 0.276352
v -0.134433 0.046360 0.276977
v -0.131278 0.018094 0.311902
v -0.223889 0.051980 -0.152283
v -0.202737 0.072369 -0.182252
v -0.224047 0.034050 -0.211186
v -0.247347 0.010469 -0.191482
v 0.156406 0.115683 -0.315784
v 0.153039 0.117177 -0.273472
v 0.178380 0.079750 -0.276987
v 0.178182 0.066334 -0.307156
v 0.227404 0.067582 0.172786
v 0.189343 0.087194 0.212064
v 0.200177 0.054717 0.254696
v 0.239399 0.030613 0.223099
v 0.138281 -0.149650 -0.234495
v 0.178619 -0.144038 -0.273430
v 0.216346 -0.137315 -0.223921
v 0.181638 -0.145888 -0.179331
v 0.083316 0.137936 0.222272
v 0.103320 0.113600 0.254477
v 0.136718 0.122391 0.212002
v 0.120299 0.148187 0.172950
v 0.108234 0.170109 -0.155790
v 0.130250 0.163664 -0.131134
v 0.148583 0.141763 -0.178561
v 0.133615 0.148519 -0.212383
v 0.110397 0.182942 0.009238
v 0.134353 0.170175 0.067461
v 0.160627 0.161279 0.012479
v 0.135739 0.174897 -0.042694
v 0.131963 -0.140961 0.238678
v 0.178490 -0.140011 0.181668
v 0.203408 -0.127892 0.231502
v 0.164115 -0.128796 0.280457
v 0.146192 -0.147018 -0.001021
v 0.184858 -0.142325 -0.063983
v 0.223559 -0.132212 -0.002669
v 0.190341 -0.141716 0.061708
v 0.196327 0.061256 -0.217781
v 0.183375 0.093150 -0.176447
v 0.213685 0.069793 -0.143371
v 0.227893 0.030196 -0.188647
v 0.229906 0.081474 -0.048965
v 0.210416 0.113935 0.011053
v 0.239080 0.078470 0.067388
v 0.257798 0.045044 0.005455
v -0.164863 0.052825 0.223924
v -0.142513 0.081738 0.177558
v -0.185307 0.059901 0.147319
v -0.206912 0.026587 0.199837
v -0.205660 0.063246 0.053901
v -0.183678 0.092253 -0.003216
v -0.212980 0.063955 -0.060190
v -0.232729 0.032640 -0.003302
v -0.207804 -0.132501 -0.003040
v -0.175918 -0.142733 -0.064612
v -0.138149 -0.147105 -0.001124
v -0.176674 -0.141738 0.061693
v -0.048316 -0.150160 0.000378
v 0.000754 -0.150517 -0.062452
v 0.051066 -0.150154 0.000385
v 0.001143 -0.150276 0.064472
v -0.187673 -0.127904 0.213839
v -0.166902 -0.140011 0.173990
v -0.122121 -0.140960 0.224422
v -0.150008 -0.128805 0.256445
v -0.043741 -0.143876 0.241479
v 0.001052 -0.148312 0.190305
v 0.047932 -0.143876 0.246031
v 0.001864 -0.135281 0.294980
v -0.135261 0.136199 -0.002241
v -0.106593 0.149497 0.054525
v -0.089120 0.163172 -0.000465
v -0.118652 0.152239 -0.054519
v -0.027938 0.178985 0.001851
v 0.008524 0.180096 0.062594
v 0.045985 0.186073 0.004753
v 0.006883 0.184989 -0.049476
v -0.156406 0.117192 -0.178634
v -0.129193 0.143919 -0.137964
v -0.103065 0.152383 -0.158387
v -0.134238 0.121979 -0.206486
v -0.034440 0.176326 -0.135293
v 0.004204 0.183641 -0.110767
v 0.044847 0.182585 -0.133478
v 0.010188 0.179190 -0.180064
v -0.093099 0.113650 0.176010
v -0.074136 0.106122 0.217513
v -0.057933 0.127293 0.191588
v -0.083121 0.135105 0.145344
v -0.018336 0.135167 0.210002
v 0.001980 0.116396 0.259038
v 0.031148 0.140314 0.222891
v 0.006663 0.158031 0.172797
v -0.211710 -0.134927 -0.227153
v -0.181377 -0.138710 -0.272572
v -0.142905 -0.148900 -0.234677
v -0.178719 -0.144339 -0.180397
v -0.053049 -0.153577 -0.240847
v -0.009321 -0.149699 -0.293490
v 0.043977 -0.151068 -0.240036
v -0.001196 -0.152374 -0.184240
v -0.186303 0.040287 -0.258886
v -0.145945 0.083257 -0.264764
v -0.116441 0.086990 -0.319637
v -0.158361 0.030634 -0.300550
v 0.150569 0.138036 -0.341542
v 0.152172 0.118651 -0.375182
v 0.146889 0.147144 -0.367553
v 0.136251 0.160621 -0.318483
v 0.155675 0.046806 0.309203
v 0.111547 0.069420 0.308699
v 0.092460 0.043607 0.341142
v 0.142205 0.018680 0.341761
v 0.026173 0.041518 0.350247
v -0.005813 0.066416 0.324815
v -0.036545 0.040735 0.338209
v -0.003322 0.014498 0.361065
v 0.046203 -0.071746 0.373958
v 0.000825 -0.042877 0.374900
v -0.042409 -0.072019 0.364216
v 0.001777 -0.098675 0.358536
v 0.200113 -0.067855 0.336723
v 0.165638 -0.040069 0.356373
v 0.130820 -0.070506 0.363481
v 0.165724 -0.095160 0.340309
v -0.023740 -0.036006 -0.380900
v 0.038389 0.021342 -0.416808
v 0.071094 -0.025957 -0.383767
v 0.006749 -0.080317 -0.368833
v -0.207612 -0.074532 -0.310616
v -0.164487 -0.034864 -0.322281
v -0.126591 -0.064357 -0.336643
v -0.176362 -0.102556 -0.320973
v -0.260689 -0.066111 0.060092
v -0.259276 -0.034107 -0.003430
v -0.259495 -0.067247 -0.066067
v -0.250154 -0.094311 -0.003782
v -0.228029 -0.067237 0.252757
v -0.242818 -0.037537 0.214573
v -0.253531 -0.067255 0.171459
v -0.231434 -0.093360 0.213220
v 0.276518 -0.063809 -0.062314
v 0.282781 -0.029783 0.000018
v 0.287320 -0.064520 0.061382
v 0.271591 -0.093289 -0.002686
v 0.258858 -0.068022 -0.250267
v 0.265020 -0.035958 -0.204534
v 0.273166 -0.065654 -0.166833
v 0.262819 -0.095750 -0.214253
v 0.278175 -0.065942 0.180513
v 0.267000 -0.035261 0.232013
v 0.248073 -0.066330 0.276861
v 0.252554 -0.092982 0.231049
v 0.148048 -0.054605 -0.336250
v 0.184786 -0.020052 -0.316883
v 0.214308 -0.068648 -0.306612
v 0.180449 -0.104004 -0.319948
v -0.261274 -0.072053 -0.176357
v -0.263003 -0.048088 -0.212487
v -0.251215 -0.076112 -0.258055
v -0.250144 -0.099881 -0.224257
v -0.118431 -0.070737 0.337765
v -0.151689 -0.040561 0.326291
v -0.183862 -0.068385 0.305871
v -0.150433 -0.095319 0.310529
v 0.005029 0.181429 -0.419264
v 0.050592 0.198785 -0.377772
v 0.105666 0.179155 -0.398822
v 0.063543 0.149256 -0.457542
v 0.047305 0.059341 -0.451945
v 0.007784 0.065248 -0.452547
v 0.060391 0.084250 -0.479357
v 0.109198 0.075592 -0.442267
v 0.019861 0.178143 -0.257856
v 0.068363 0.177219 -0.273029
v 0.033106 0.197134 -0.318034
v -0.020169 0.176679 -0.287031
v -0.074173 0.117163 -0.355238
v -0.060378 0.148576 -0.335570
v -0.053922 0.139208 -0.392046
v -0.061621 0.097227 -0.389901
v 0.138414 0.175146 -0.352882
v 0.129146 0.175550 -0.323485
v 0.081900 0.197829 -0.329066
v 0.111358 0.184031 -0.337051
v 0.084922 0.182445 -0.290255
v 0.066837 0.199832 -0.319632
v 0.129344 0.172239 -0.368046
v 0.144881 0.161394 -0.347874
v 0.107683 0.172126 -0.296548
v 0.059348 0.201663 -0.340668
v 0.086735 0.192495 -0.369265
v 0.052705 0.186352 -0.291779
v -0.024949 0.189103 -0.377498
v 0.002343 0.205337 -0.377407
v 0.005207 0.212862 -0.351720
v -0.031675 0.201512 -0.321185
v -0.054635 0.183201 -0.352526
v -0.046067 0.177816 -0.381930
v -0.034715 0.172356 -0.393893
v 0.015329 0.193563 -0.394783
v 0.024947 0.205085 -0.364926
v -0.000078 0.196340 -0.308411
v -0.048279 0.177093 -0.321469
v -0.056348 0.156796 -0.368185
v -0.010769 0.149637 -0.435461
v 0.011394 0.132591 -0.442090
v 0.005234 0.166594 -0.432244
v 0.026649 0.148321 -0.436950
v -0.007730 0.125990 -0.448467
v -0.018623 0.166322 -0.430427
v 0.037140 0.172888 -0.439419
v 0.051157 0.121190 -0.474294
v 0.083934 0.147311 -0.425321
v 0.097880 0.132146 -0.426113
v 0.109071 0.165352 -0.413978
v 0.121144 0.146304 -0.408577
v 0.086524 0.172258 -0.431544
v 0.127270 0.163300 -0.400516
v 0.121251 0.127299 -0.424296
v -0.023428 0.207874 -0.366279
v 0.100234 0.197864 -0.315412
v -0.052356 0.193287 -0.375489
v -0.004224 0.220978 -0.366553
v 0.130166 0.189497 -0.336028
v 0.142146 0.221960 -0.318304
v -0.015202 0.222404 -0.340913
v -0.041398 0.197071 -0.378770
v 0.125323 0.228542 -0.318517
v 0.122241 0.235468 -0.323983
v 0.151185 0.223970 -0.318063
v -0.017077 0.235388 -0.355674
v -0.053401 0.209540 -0.383121
v -0.024302 0.227670 -0.362920
v -0.039578 0.228312 -0.347361
v -0.040547 0.218580 -0.374319
v -0.059802 0.211370 -0.363177
v 0.084579 0.199910 -0.303083
v 0.139066 0.228527 -0.307915
v 0.142115 0.188230 -0.335769
v 0.113652 0.212837 -0.302745
v 0.145491 0.202341 -0.327738
v 0.120862 0.206192 -0.319718
v 0.141118 0.207965 -0.314966
v 0.101331 0.221159 -0.322661
v 0.103474 0.218775 -0.324065
v 0.124711 0.232016 -0.313274
v -0.042543 0.243682 -0.364373
v -0.057506 0.231604 -0.383327
v -0.060901 0.234251 -0.365185
v -0.047688 0.236854 -0.373885
v -0.064673 0.226140 -0.380060
v -0.039117 0.242943 -0.366582
v -0.103583 0.016595 0.328728
v -0.078309 0.066423 0.292105
v -0.113573 0.068681 0.259198
v -0.155841 0.019852 0.291561
v -0.245108 0.019927 -0.157629
v -0.198942 0.082057 -0.149215
v -0.201945 0.063597 -0.208253
v -0.241831 0.003605 -0.219590
v 0.164379 0.089002 -0.333069
v 0.140253 0.135552 -0.284379
v 0.164239 0.102414 -0.261111
v 0.192415 0.048986 -0.285950
v 0.251995 0.035079 0.175825
v 0.200469 0.096216 0.170558
v 0.177022 0.078429 0.246644
v 0.222897 0.026410 0.264012
v 0.140862 -0.150562 -0.181705
v 0.133801 -0.141707 -0.279454
v 0.213771 -0.136752 -0.264262
v 0.216754 -0.135517 -0.176066
v 0.092879 0.155440 0.176162
v 0.077076 0.117362 0.261313
v 0.129534 0.106875 0.246461
v 0.146693 0.136449 0.170548
v 0.112901 0.163875 -0.200924
v 0.107067 0.174664 -0.120240
v 0.150178 0.148501 -0.135341
v 0.148684 0.131461 -0.212158
v 0.110323 0.183176 -0.044026
v 0.107696 0.177791 0.065904
v 0.159684 0.156860 0.068584
v 0.158825 0.161124 -0.042136
v 0.128078 -0.132557 0.285992
v 0.138910 -0.144940 0.184347
v 0.213862 -0.130711 0.179746
v 0.195735 -0.121830 0.274818
v 0.147859 -0.146825 0.062728
v 0.144101 -0.147360 -0.063477
v 0.219708 -0.132574 -0.064271
v 0.226802 -0.132037 0.060833
v 0.217197 0.031119 -0.228064
v 0.178229 0.090369 -0.213030
v 0.190738 0.101398 -0.139309
v 0.236683 0.035332 -0.149070
v 0.251346 0.045258 -0.053210
v 0.205935 0.113979 -0.045299
v 0.212559 0.110465 0.068558
v 0.262488 0.042823 0.065812
v -0.193581 0.024334 0.236256
v -0.134999 0.075940 0.211213
v -0.153557 0.087119 0.140772
v -0.216946 0.028443 0.156829
v -0.231170 0.031469 0.056197
v -0.178045 0.091903 0.052344
v -0.188066 0.092565 -0.058332
v -0.235312 0.032192 -0.062161
v -0.208752 -0.132087 0.060821
v -0.207712 -0.133332 -0.065401
v -0.138074 -0.147544 -0.063776
v -0.138609 -0.146836 0.062715
v -0.048411 -0.150038 0.064257
v -0.048356 -0.150334 -0.062609
v 0.050422 -0.150323 -0.062581
v 0.051531 -0.150037 0.064258
v -0.179643 -0.121850 0.250002
v -0.198423 -0.130724 0.171388
v -0.130856 -0.144940 0.178231
v -0.116278 -0.132554 0.265215
v -0.040849 -0.135091 0.287075
v -0.047456 -0.148076 0.188639
v 0.050413 -0.148076 0.189578
v 0.046459 -0.135087 0.294902
v -0.140807 0.136770 -0.055571
v -0.128358 0.134936 0.052748
v -0.083891 0.160699 0.056929
v -0.094411 0.164199 -0.053374
v -0.031187 0.180259 -0.050917
v -0.026477 0.175915 0.061497
v 0.044261 0.181931 0.063449
v 0.045231 0.187398 -0.047703
v -0.160495 0.104168 -0.207212
v -0.151696 0.127687 -0.144416
v -0.103306 0.158648 -0.126649
v -0.098810 0.145443 -0.203412
v -0.027851 0.174649 -0.183301
v -0.035629 0.178901 -0.111339
v 0.043558 0.185144 -0.109488
v 0.049341 0.179875 -0.179075
v -0.102685 0.124062 0.140392
v -0.090617 0.100970 0.208137
v -0.058422 0.109285 0.229121
v -0.064285 0.143179 0.152039
v -0.019924 0.154464 0.166618
v -0.020999 0.114137 0.251069
v 0.026311 0.118126 0.263767
v 0.035133 0.159716 0.176926
v -0.210229 -0.135220 -0.179120
v -0.211971 -0.131883 -0.266638
v -0.143684 -0.143976 -0.279471
v -0.140841 -0.149447 -0.182086
v -0.050437 -0.152450 -0.184196
v -0.055793 -0.151023 -0.291798
v 0.037231 -0.143291 -0.289959
v 0.048058 -0.152252 -0.183943
v -0.194581 0.013281 -0.273559
v -0.175485 0.065822 -0.245239
v -0.108969 0.111472 -0.290435
v -0.115243 0.060025 -0.336181
v 0.132408 0.155817 -0.305422
v 0.152051 0.114450 -0.366079
v 0.146278 0.126165 -0.387136
v -0.064493 0.224776 -0.370047
v 0.174362 0.020459 0.323092
v 0.139236 0.069680 0.293077
v 0.081409 0.069241 0.320989
v 0.106457 0.017152 0.355118
v 0.032198 0.014817 0.365402
v 0.022576 0.067558 0.328287
v -0.033074 0.065665 0.317316
v -0.038951 0.014764 0.353063
v 0.046513 -0.098495 0.359443
v 0.043701 -0.042448 0.378213
v -0.041380 -0.042646 0.366634
v -0.040649 -0.098609 0.349299
v 0.196751 -0.092484 0.326922
v 0.198790 -0.038909 0.338533
v 0.128241 -0.041013 0.367881
v 0.129420 -0.096980 0.349142
v -0.041183 -0.089919 -0.358218
v -0.009585 0.013788 -0.399051
v 0.084242 0.022036 -0.397763
v 0.050907 -0.077159 -0.360453
v -0.209664 -0.101864 -0.308568
v -0.204915 -0.044972 -0.302426
v -0.117588 -0.020783 -0.339015
v -0.135403 -0.102045 -0.330395
v -0.251619 -0.094052 0.060153
v -0.260446 -0.034520 0.059685
v -0.260138 -0.035207 -0.065288
v -0.250167 -0.095409 -0.066268
v -0.219003 -0.091746 0.249320
v -0.227434 -0.038135 0.251885
v -0.254430 -0.036816 0.171143
v -0.242968 -0.094127 0.170740
v 0.266606 -0.093331 -0.063581
v 0.276585 -0.029545 -0.060240
v 0.288453 -0.030820 0.062626
v 0.276315 -0.093495 0.060601
v 0.253776 -0.097210 -0.252513
v 0.252706 -0.035135 -0.245625
v 0.269794 -0.033761 -0.161857
v 0.264372 -0.094565 -0.170078
v 0.265111 -0.093703 0.179508
v 0.280599 -0.033806 0.180597
v 0.249153 -0.036507 0.276432
v 0.238595 -0.091410 0.274030
v 0.138641 -0.095110 -0.330025
v 0.156698 -0.004533 -0.336990
v 0.210736 -0.027984 -0.301232
v 0.213428 -0.103855 -0.305143
v -0.251457 -0.098607 -0.178205
v -0.264399 -0.043054 -0.171334
v -0.254564 -0.051307 -0.246914
v -0.245095 -0.100515 -0.261987
v -0.116257 -0.097084 0.323434
v -0.117799 -0.041338 0.342130
v -0.182155 -0.039702 0.307321
v -0.180296 -0.092725 0.296447
v 0.009933 0.155091 -0.441639
v 0.117815 0.230387 -0.323160
v -0.049931 0.231533 -0.378435
v 0.104859 0.152364 -0.422333
v 0.099839 0.067978 -0.428599
v -0.003438 0.057515 -0.436598
v 0.055588 0.100390 -0.475114
v 0.070508 0.100100 -0.471569
v -0.017301 0.172733 -0.267248
v 0.062176 0.177174 -0.257551
v 0.117858 0.232049 -0.320888
v -0.048789 0.237950 -0.359708
v -0.068146 0.091743 -0.377910
v -0.066254 0.141683 -0.324368
v 0.146517 0.222745 -0.312614
v -0.050389 0.111415 -0.407484
v 0.142037 0.162683 -0.359642
v 0.132957 0.167252 -0.325154
v 0.070645 0.198965 -0.356501
v 0.109784 0.184966 -0.374297
v 0.075848 0.177093 -0.282096
v 0.050674 0.196480 -0.316374
v -0.009737 0.183935 -0.396909
v 0.024981 0.201155 -0.383505
v 0.017244 0.203136 -0.334932
v -0.026379 0.187869 -0.306200
v -0.056553 0.164852 -0.345042
v -0.049884 0.160741 -0.384055
v -0.022407 0.145156 -0.436941
v 0.007547 0.177321 -0.431852
v 0.067166 0.125184 -0.477027
v 0.108978 0.175139 -0.412697
v 0.131362 0.143727 -0.405649
v -0.038390 0.237779 -0.367066
v 0.129900 0.220346 -0.317628
v -0.060229 0.223956 -0.384305
v 0.149168 0.217650 -0.320712
v -0.033056 0.243292 -0.362484
v 0.127201 0.226943 -0.306926
v -0.004632 0.223982 -0.354944
v -0.047370 0.193542 -0.382000
v -0.012002 0.214855 -0.367616
v -0.034226 0.215380 -0.334359
v -0.033442 0.201834 -0.371269
v -0.055631 0.197756 -0.357620
v 0.098169 0.196040 -0.298050
v 0.140439 0.187785 -0.341176
v 0.114736 0.192547 -0.323427
v 0.132978 0.189787 -0.318901
v 0.083273 0.208590 -0.322024
v 0.091703 0.205983 -0.322728
v 0.019727 0.101626 -0.470893
v 0.016456 0.080855 -0.466602
v 0.063945 0.093469 -0.478118
v 0.109252 0.090672 -0.453250
v 0.078798 0.113687 -0.471945
v 0.046743 0.149691 -0.451881
v 0.017627 0.119884 -0.460504
v 0.075162 0.150805 -0.448149
v 0.078744 0.122113 -0.469449
v 0.099871 0.122921 -0.447461
vt 0.496381 0.729090
vt 0.524402 0.745764
vt 0.528204 0.730825
vt 0.495608 0.744980
vt 0.519653 0.757212
vt 0.542351 0.755985
vt 0.550759 0.745399
vt 0.557427 0.731183
vt 0.493984 0.767109
vt 0.494641 0.757569
vt 0.494335 0.774033
vt 0.515371 0.765516
vt 0.513142 0.771206
vt 0.534541 0.763321
vt 0.562861 0.753532
vt 0.529850 0.767924
vt 0.551907 0.760426
vt 0.545251 0.764231
vt 0.566881 0.756843
vt 0.581039 0.749485
vt 0.574482 0.743279
vt 0.583589 0.729367
vt 0.595444 0.738795
vt 0.606476 0.724569
vt 0.765430 0.576659
vt 0.774733 0.579659
vt 0.787252 0.550368
vt 0.753000 0.605158
vt 0.756088 0.607954
vt 0.772095 0.584538
vt 0.790448 0.555766
vt 0.803015 0.525931
vt 0.734592 0.632515
vt 0.734201 0.633706
vt 0.712993 0.657445
vt 0.711782 0.655620
vt 0.728987 0.631866
vt 0.750785 0.610428
vt 0.760419 0.590018
vt 0.779849 0.564319
vt 0.741041 0.609946
vt 0.746978 0.594194
vt 0.760814 0.575660
vt 0.777556 0.549273
vt 0.797063 0.535200
vt 0.809468 0.504749
vt 0.792858 0.519338
vt 0.804589 0.487794
vt 0.461179 0.455975
vt 0.418241 0.494972
vt 0.420920 0.451863
vt 0.436667 0.502435
vt 0.422263 0.533220
vt 0.404145 0.522859
vt 0.394809 0.484893
vt 0.389139 0.441441
vt 0.434638 0.541007
vt 0.431929 0.573103
vt 0.445121 0.584065
vt 0.439683 0.612953
vt 0.420484 0.592604
vt 0.414462 0.558636
vt 0.398343 0.548953
vt 0.386165 0.515432
vt 0.404601 0.578472
vt 0.392518 0.570988
vt 0.383557 0.548494
vt 0.368348 0.515777
vt 0.372360 0.477394
vt 0.360763 0.434559
vt 0.350524 0.477520
vt 0.334301 0.436015
vt 0.217163 0.624432
vt 0.226108 0.673575
vt 0.212541 0.644699
vt 0.230463 0.656265
vt 0.246605 0.701843
vt 0.246984 0.712956
vt 0.226646 0.688196
vt 0.213123 0.662318
vt 0.250458 0.687840
vt 0.271219 0.727748
vt 0.274427 0.717001
vt 0.297267 0.749827
vt 0.296878 0.753991
vt 0.271200 0.735210
vt 0.274759 0.740329
vt 0.252566 0.721823
vt 0.297677 0.755227
vt 0.298821 0.754498
vt 0.284100 0.744842
vt 0.264897 0.729393
vt 0.233260 0.700371
vt 0.220109 0.677172
vt 0.247031 0.710465
vt 0.234424 0.689273
vt 0.438370 0.407302
vt 0.408927 0.367966
vt 0.395690 0.402222
vt 0.453441 0.373234
vt 0.423085 0.337039
vt 0.378586 0.334578
vt 0.367682 0.366558
vt 0.356482 0.400403
vt 0.470788 0.343163
vt 0.438090 0.315486
vt 0.490176 0.323566
vt 0.447290 0.308563
vt 0.396719 0.299334
vt 0.389621 0.309385
vt 0.350000 0.315219
vt 0.339897 0.340455
vt 0.357140 0.304440
vt 0.332901 0.317764
vt 0.320743 0.330217
vt 0.308555 0.354027
vt 0.331073 0.371264
vt 0.321885 0.403692
vt 0.300593 0.382774
vt 0.293148 0.413484
vt 0.401829 0.786843
vt 0.372969 0.786728
vt 0.374167 0.782757
vt 0.399794 0.790450
vt 0.372709 0.785930
vt 0.347157 0.779120
vt 0.347541 0.779118
vt 0.348727 0.774448
vt 0.399192 0.789427
vt 0.370866 0.781146
vt 0.397639 0.784541
vt 0.365290 0.772991
vt 0.338764 0.767709
vt 0.345107 0.775207
vt 0.320802 0.766670
vt 0.322127 0.768600
vt 0.315252 0.760965
vt 0.322614 0.766953
vt 0.324313 0.761006
vt 0.299725 0.741872
vt 0.466311 0.632830
vt 0.437000 0.648574
vt 0.462786 0.670539
vt 0.428572 0.677583
vt 0.409506 0.653929
vt 0.418123 0.624567
vt 0.453943 0.697685
vt 0.419601 0.699063
vt 0.447213 0.713843
vt 0.409607 0.718074
vt 0.384706 0.704990
vt 0.397806 0.680353
vt 0.377833 0.660815
vt 0.391796 0.633030
vt 0.362558 0.687849
vt 0.341089 0.664904
vt 0.357696 0.637616
vt 0.373498 0.610774
vt 0.401702 0.605682
vt 0.385874 0.587083
vt 0.428751 0.745009
vt 0.439834 0.727167
vt 0.416848 0.763560
vt 0.397880 0.738781
vt 0.386782 0.758318
vt 0.371716 0.728428
vt 0.407494 0.777888
vt 0.378658 0.773279
vt 0.352928 0.764343
vt 0.360668 0.748806
vt 0.336948 0.733677
vt 0.328911 0.749933
vt 0.305147 0.729286
vt 0.313909 0.711961
vt 0.348438 0.712634
vt 0.326083 0.690203
vt 0.361119 0.602167
vt 0.320177 0.621364
vt 0.355280 0.625568
vt 0.368213 0.578388
vt 0.325430 0.598207
vt 0.331352 0.574540
vt 0.293225 0.595623
vt 0.288882 0.617780
vt 0.376643 0.553713
vt 0.386526 0.527692
vt 0.338399 0.549794
vt 0.346997 0.523553
vt 0.302994 0.548173
vt 0.297535 0.572658
vt 0.267974 0.574178
vt 0.310332 0.521875
vt 0.271650 0.550401
vt 0.277838 0.524283
vt 0.245426 0.558029
vt 0.243473 0.580962
vt 0.263458 0.615181
vt 0.265988 0.595551
vt 0.244595 0.600404
vt 0.247734 0.613874
vt 0.397897 0.500056
vt 0.369396 0.466091
vt 0.357428 0.495617
vt 0.331511 0.464052
vt 0.319982 0.493758
vt 0.410526 0.470825
vt 0.382372 0.435089
vt 0.424094 0.440034
vt 0.344090 0.433008
vt 0.310450 0.435595
vt 0.298172 0.466470
vt 0.282622 0.444489
vt 0.270590 0.474985
vt 0.286903 0.496174
vt 0.259438 0.504444
vt 0.250726 0.532299
vt 0.328922 0.488631
vt 0.309656 0.448455
vt 0.350078 0.527051
vt 0.309454 0.508256
vt 0.289694 0.469009
vt 0.369237 0.560728
vt 0.353562 0.581797
vt 0.331939 0.546852
vt 0.314285 0.571898
vt 0.336290 0.607540
vt 0.318950 0.634780
vt 0.297341 0.599158
vt 0.275766 0.494273
vt 0.293114 0.533146
vt 0.278186 0.560564
vt 0.263911 0.521975
vt 0.250654 0.549923
vt 0.263385 0.587747
vt 0.281717 0.625603
vt 0.249774 0.613169
vt 0.237281 0.576749
vt 0.303347 0.660589
vt 0.290483 0.683346
vt 0.268325 0.649617
vt 0.280827 0.702236
vt 0.257801 0.670447
vt 0.238567 0.636107
vt 0.225731 0.601711
vt 0.613777 0.731403
vt 0.626178 0.716104
vt 0.597024 0.743471
vt 0.630595 0.721079
vt 0.643778 0.704090
vt 0.557310 0.760750
vt 0.579161 0.752574
vt 0.562089 0.759459
vt 0.591764 0.746713
vt 0.612258 0.735231
vt 0.628317 0.724561
vt 0.585230 0.750487
vt 0.606768 0.738669
vt 0.602557 0.742427
vt 0.624339 0.728196
vt 0.645884 0.711446
vt 0.660557 0.688866
vt 0.647185 0.707941
vt 0.664558 0.692249
vt 0.677720 0.670926
vt 0.696404 0.650732
vt 0.683611 0.674228
vt 0.665378 0.695856
vt 0.704978 0.653632
vt 0.717453 0.628145
vt 0.644234 0.715052
vt 0.622672 0.731494
vt 0.644815 0.717328
vt 0.666183 0.698900
vt 0.687048 0.677482
vt 0.689608 0.679548
vt 0.710699 0.656151
vt 0.668011 0.699707
vt 0.690896 0.678868
vt 0.728747 0.630332
vt 0.741127 0.603125
vt 0.657614 0.586132
vt 0.654487 0.547298
vt 0.636947 0.572567
vt 0.675496 0.561366
vt 0.673486 0.520248
vt 0.646642 0.509678
vt 0.628274 0.537013
vt 0.611225 0.562677
vt 0.695007 0.534694
vt 0.693958 0.491833
vt 0.716232 0.506566
vt 0.715503 0.462975
vt 0.687225 0.451587
vt 0.666306 0.480993
vt 0.633640 0.472859
vt 0.614899 0.501839
vt 0.653771 0.442697
vt 0.615625 0.435184
vt 0.596514 0.466090
vt 0.578806 0.495402
vt 0.597309 0.529415
vt 0.580919 0.555399
vt 0.562138 0.523235
vt 0.546568 0.549511
vt 0.523448 0.517357
vt 0.508850 0.543947
vt 0.539086 0.489211
vt 0.496883 0.482968
vt 0.482321 0.511472
vt 0.468794 0.538401
vt 0.555679 0.459529
vt 0.573529 0.428095
vt 0.528878 0.421029
vt 0.512353 0.452894
vt 0.467959 0.446236
vt 0.453533 0.476698
vt 0.483288 0.413897
vt 0.427582 0.532861
vt 0.440010 0.505574
vt 0.604159 0.656323
vt 0.595605 0.635987
vt 0.588789 0.653989
vt 0.613534 0.645146
vt 0.606837 0.616939
vt 0.582210 0.608835
vt 0.571726 0.629944
vt 0.565047 0.650747
vt 0.626360 0.628581
vt 0.620870 0.595836
vt 0.641155 0.608710
vt 0.595633 0.586558
vt 0.565932 0.579752
vt 0.553047 0.602801
vt 0.532329 0.574240
vt 0.520021 0.597760
vt 0.542935 0.625061
vt 0.536092 0.647140
vt 0.510199 0.620584
vt 0.503231 0.643228
vt 0.474524 0.616065
vt 0.467612 0.639024
vt 0.483927 0.592891
vt 0.445800 0.587982
vt 0.436989 0.611419
vt 0.430309 0.634597
vt 0.495515 0.569015
vt 0.456503 0.563800
vt 0.406805 0.583046
vt 0.416453 0.558586
vt 0.398762 0.606704
vt 0.392450 0.630054
vt 0.670147 0.696064
vt 0.647716 0.716013
vt 0.624720 0.732365
vt 0.627246 0.728626
vt 0.648659 0.709899
vt 0.602584 0.744990
vt 0.582598 0.754166
vt 0.582932 0.755733
vt 0.604673 0.744128
vt 0.582577 0.752945
vt 0.563596 0.763668
vt 0.561802 0.764083
vt 0.543777 0.771316
vt 0.537123 0.770461
vt 0.556247 0.759257
vt 0.623591 0.721281
vt 0.604231 0.737934
vt 0.576418 0.744256
vt 0.593385 0.729386
vt 0.557333 0.733377
vt 0.542373 0.747912
vt 0.524224 0.763477
vt 0.504208 0.749202
vt 0.517448 0.734042
vt 0.521099 0.777490
vt 0.507440 0.775215
vt 0.494039 0.782463
vt 0.474284 0.778257
vt 0.488367 0.765689
vt 0.451536 0.765828
vt 0.432297 0.787674
vt 0.440079 0.779319
vt 0.476881 0.732203
vt 0.465141 0.748313
vt 0.735446 0.597541
vt 0.722361 0.623123
vt 0.707988 0.648349
vt 0.698562 0.636975
vt 0.714453 0.606096
vt 0.690519 0.673082
vt 0.667145 0.688765
vt 0.683289 0.664714
vt 0.650577 0.684757
vt 0.638098 0.704820
vt 0.603837 0.717619
vt 0.612422 0.702111
vt 0.684714 0.621481
vt 0.665265 0.656621
vt 0.625405 0.675270
vt 0.647134 0.637275
vt 0.595707 0.657918
vt 0.583011 0.685459
vt 0.530621 0.711237
vt 0.540561 0.687238
vt 0.551010 0.661527
vt 0.572138 0.710212
vt 0.565559 0.723513
vt 0.524656 0.724171
vt 0.483535 0.721602
vt 0.489407 0.708062
vt 0.498905 0.683244
vt 0.507619 0.656034
vt 0.571512 0.756068
vt 0.565836 0.760297
vt 0.553330 0.763873
vt 0.547868 0.768403
vt 0.546056 0.765237
vt 0.530477 0.770273
vt 0.536608 0.770466
vt 0.519864 0.776150
vt 0.514452 0.774757
vt 0.496479 0.778721
vt 0.501173 0.781090
vt 0.529667 0.775156
vt 0.509193 0.780843
vt 0.484824 0.785635
vt 0.478945 0.785332
vt 0.457389 0.789201
vt 0.463778 0.786002
vt 0.475236 0.782100
vt 0.472513 0.776319
vt 0.451059 0.784522
vt 0.453713 0.788501
vt 0.426633 0.790075
vt 0.447903 0.777745
vt 0.424785 0.785511
vt 0.393174 0.776440
vt 0.428437 0.791032
vt 0.738343 0.478069
vt 0.737339 0.434975
vt 0.779564 0.425526
vt 0.760044 0.450597
vt 0.757843 0.409676
vt 0.709023 0.422556
vt 0.794238 0.405162
vt 0.799841 0.394720
vt 0.774979 0.389937
vt 0.787122 0.381715
vt 0.748254 0.376030
vt 0.730067 0.396236
vt 0.696433 0.383645
vt 0.761471 0.367732
vt 0.714982 0.361483
vt 0.727639 0.352835
vt 0.676511 0.346682
vt 0.657373 0.372016
vt 0.675238 0.412082
vt 0.636312 0.403021
vt 0.592933 0.395004
vt 0.613678 0.361938
vt 0.567015 0.354038
vt 0.546807 0.387484
vt 0.688923 0.337078
vt 0.634118 0.333278
vt 0.647430 0.322193
vt 0.588630 0.325196
vt 0.540670 0.324580
vt 0.519113 0.348443
vt 0.554184 0.317001
vt 0.501976 0.318531
vt 0.499844 0.380075
vt 0.787047 0.475913
vt 0.777133 0.509279
vt 0.764641 0.540946
vt 0.752972 0.505852
vt 0.757992 0.470469
vt 0.750080 0.570405
vt 0.731312 0.573236
vt 0.745235 0.539625
vt 0.724800 0.544261
vt 0.708678 0.582497
vt 0.688606 0.590269
vt 0.707444 0.548882
vt 0.720156 0.471290
vt 0.725347 0.508636
vt 0.702188 0.511450
vt 0.676570 0.467827
vt 0.472110 0.619172
vt 0.447146 0.583531
vt 0.436537 0.542464
vt 0.446454 0.580883
vt 0.471049 0.611277
vt 0.442545 0.503849
vt 0.472798 0.465162
vt 0.445324 0.503043
vt 0.436440 0.543468
vt 0.448145 0.537491
vt 0.477162 0.464939
vt 0.455282 0.504263
vt 0.482857 0.467470
vt 0.468297 0.509456
vt 0.470103 0.544559
vt 0.690473 0.628160
vt 0.695801 0.651164
vt 0.700764 0.647615
vt 0.675648 0.654156
vt 0.686250 0.639368
vt 0.690354 0.663549
vt 0.697631 0.668088
vt 0.256525 0.698743
vt 0.268541 0.718817
vt 0.285003 0.736407
vt 0.296322 0.725652
vt 0.285055 0.706088
vt 0.302096 0.750734
vt 0.326608 0.756799
vt 0.311290 0.742691
vt 0.341599 0.747897
vt 0.354823 0.761872
vt 0.384696 0.765545
vt 0.373845 0.751898
vt 0.318240 0.711834
vt 0.328450 0.731144
vt 0.362859 0.735493
vt 0.354083 0.716460
vt 0.390720 0.720360
vt 0.397665 0.738891
vt 0.406195 0.754675
vt 0.431834 0.741521
vt 0.427120 0.723725
vt 0.421116 0.777921
vt 0.414549 0.767655
vt 0.443231 0.768422
vt 0.437570 0.756411
vt 0.467196 0.757321
vt 0.469869 0.768146
vt 0.462523 0.726653
vt 0.464635 0.743537
vt 0.350802 0.649037
vt 0.348500 0.672396
vt 0.388061 0.653507
vt 0.423973 0.681009
vt 0.425956 0.657903
vt 0.349356 0.695138
vt 0.386015 0.676808
vt 0.386807 0.699371
vt 0.424398 0.703248
vt 0.461272 0.706818
vt 0.461381 0.684988
vt 0.496744 0.709955
vt 0.497389 0.688590
vt 0.463350 0.662136
vt 0.499232 0.666063
vt 0.257878 0.634620
vt 0.232044 0.645473
vt 0.239304 0.626663
vt 0.252744 0.655264
vt 0.283875 0.639884
vt 0.229763 0.666999
vt 0.251596 0.677064
vt 0.279917 0.684569
vt 0.280092 0.662196
vt 0.312608 0.667671
vt 0.313128 0.690371
vt 0.315480 0.644536
vt 0.690602 0.351733
vt 0.684850 0.384090
vt 0.647616 0.339778
vt 0.639972 0.374133
vt 0.601029 0.332335
vt 0.602685 0.314278
vt 0.677486 0.423918
vt 0.632812 0.407355
vt 0.630188 0.429943
vt 0.583868 0.394742
vt 0.591111 0.365827
vt 0.537137 0.363325
vt 0.521174 0.425462
vt 0.527439 0.397698
vt 0.472294 0.404667
vt 0.483867 0.360572
vt 0.550114 0.332363
vt 0.497254 0.330930
vt 0.808249 0.405641
vt 0.796948 0.411842
vt 0.794764 0.389942
vt 0.768040 0.376300
vt 0.812337 0.427951
vt 0.794003 0.442128
vt 0.811106 0.456519
vt 0.763910 0.433199
vt 0.768355 0.399678
vt 0.729048 0.391589
vt 0.722955 0.429866
vt 0.731789 0.363888
vt 0.672711 0.604014
vt 0.681546 0.625155
vt 0.690816 0.579904
vt 0.720155 0.576637
vt 0.710762 0.553775
vt 0.683378 0.648032
vt 0.699816 0.601959
vt 0.701819 0.626118
vt 0.722527 0.601957
vt 0.745812 0.575649
vt 0.742837 0.549446
vt 0.769753 0.548318
vt 0.766174 0.521572
vt 0.732734 0.526015
vt 0.755439 0.497795
vt 0.624973 0.659850
vt 0.608376 0.669615
vt 0.631009 0.678240
vt 0.640233 0.644747
vt 0.611631 0.706946
vt 0.611727 0.687839
vt 0.631739 0.697749
vt 0.649514 0.684492
vt 0.648092 0.664036
vt 0.664589 0.646086
vt 0.666321 0.667701
vt 0.655955 0.625861
vt 0.271643 0.430797
vt 0.259113 0.455339
vt 0.261785 0.460962
vt 0.249118 0.484730
vt 0.249923 0.490872
vt 0.256906 0.486239
vt 0.245547 0.514906
vt 0.232874 0.542977
vt 0.237099 0.513834
vt 0.225829 0.541824
vt 0.221385 0.569648
vt 0.212693 0.594436
vt 0.217187 0.568125
vt 0.238774 0.519779
vt 0.230170 0.547069
vt 0.325347 0.330388
vt 0.320586 0.357324
vt 0.301848 0.349691
vt 0.293429 0.376018
vt 0.286021 0.373791
vt 0.296698 0.409803
vt 0.323654 0.394243
vt 0.276869 0.432145
vt 0.274816 0.399857
vt 0.265638 0.426704
vt 0.265567 0.458170
vt 0.277951 0.401334
vt 0.225375 0.572202
vt 0.212573 0.592264
vt 0.212903 0.613587
vt 0.224816 0.594426
vt 0.208059 0.616985
vt 0.208675 0.636826
vt 0.215616 0.653581
vt 0.219021 0.631514
vt 0.228947 0.612992
vt 0.444539 0.320588
vt 0.435211 0.352017
vt 0.391627 0.344541
vt 0.396147 0.311771
vt 0.426803 0.399880
vt 0.388456 0.391389
vt 0.354410 0.388399
vt 0.353472 0.346193
vt 0.356350 0.315915
vt 0.776966 0.470570
vt 0.787665 0.494545
vt 0.804578 0.469477
vt 0.795142 0.445462
vt 0.791421 0.521568
vt 0.807548 0.496743
vt 0.814960 0.474889
vt 0.813946 0.447208
vt 0.807141 0.423604
vt 0.532632 0.669476
vt 0.531192 0.691528
vt 0.561889 0.693099
vt 0.562477 0.671945
vt 0.530169 0.712376
vt 0.560796 0.713310
vt 0.588024 0.711843
vt 0.588782 0.692363
vt 0.587837 0.672720
vt 0.650938 0.505372
vt 0.657565 0.525372
vt 0.636442 0.523954
vt 0.657442 0.541782
vt 0.638641 0.542873
vt 0.617794 0.535500
vt 0.614314 0.516787
vt 0.616885 0.496436
vt 0.476672 0.639866
vt 0.467998 0.655833
vt 0.457822 0.655098
vt 0.487332 0.647347
vt 0.485206 0.644596
vt 0.462934 0.660448
vt 0.436546 0.665538
vt 0.670065 0.638841
vt 0.679495 0.660289
vt 0.658956 0.646061
vt 0.681050 0.632321
vt 0.683684 0.652368
vt 0.694612 0.651009
vt 0.545446 0.493714
vt 0.541728 0.513200
vt 0.515539 0.516882
vt 0.530704 0.530403
vt 0.507683 0.535380
vt 0.489237 0.532543
vt 0.491356 0.516165
vt 0.502259 0.498040
vt 0.583058 0.418590
vt 0.516510 0.437903
vt 0.585338 0.420029
vt 0.516744 0.440096
vt 0.581509 0.412401
vt 0.634715 0.435555
vt 0.672985 0.472641
vt 0.676643 0.470169
vt 0.640030 0.434227
vt 0.639209 0.437002
vt 0.586388 0.424504
vt 0.673673 0.470144
vt 0.666588 0.477301
vt 0.635072 0.449403
vt 0.595340 0.439421
vt 0.583982 0.445786
vt 0.582101 0.431931
vt 0.522188 0.443416
vt 0.570356 0.437985
vt 0.562853 0.449590
vt 0.490039 0.475737
vt 0.604564 0.641180
vt 0.647234 0.622524
vt 0.557303 0.646109
vt 0.561311 0.640352
vt 0.613210 0.635609
vt 0.651814 0.617724
vt 0.510885 0.639448
vt 0.509214 0.630814
vt 0.467247 0.658806
vt 0.480037 0.648905
vt 0.487258 0.648206
vt 0.456957 0.661630
vt 0.674476 0.668713
vt 0.669890 0.671954
vt 0.657955 0.662930
vt 0.643344 0.665753
vt 0.693155 0.509439
vt 0.696099 0.548638
vt 0.688918 0.551298
vt 0.690939 0.506907
vt 0.679604 0.588665
vt 0.676450 0.588703
vt 0.450904 0.642780
vt 0.431337 0.648777
vt 0.438661 0.658502
vt 0.427249 0.646707
vt 0.438736 0.632234
vt 0.433354 0.622970
vt 0.687466 0.508991
vt 0.686544 0.546824
vt 0.680663 0.515295
vt 0.453329 0.576952
vt 0.468595 0.566659
vt 0.464775 0.584714
vt 0.444567 0.564157
vt 0.451261 0.559273
vt 0.449464 0.580104
vt 0.451970 0.584681
vt 0.455777 0.594853
vt 0.472632 0.608442
vt 0.518463 0.625319
vt 0.533979 0.610807
vt 0.541642 0.623694
vt 0.511774 0.622395
vt 0.519363 0.594448
vt 0.565065 0.602039
vt 0.564316 0.621314
vt 0.480222 0.599194
vt 0.496612 0.613441
vt 0.493651 0.579913
vt 0.506701 0.560059
vt 0.568812 0.562321
vt 0.496217 0.625443
vt 0.472217 0.612776
vt 0.517318 0.631469
vt 0.503797 0.625201
vt 0.532448 0.633127
vt 0.543071 0.631790
vt 0.525935 0.631469
vt 0.563388 0.634062
vt 0.651560 0.602915
vt 0.668493 0.577521
vt 0.667359 0.595065
vt 0.634448 0.610870
vt 0.642095 0.584448
vt 0.612724 0.592270
vt 0.634292 0.566695
vt 0.674286 0.554741
vt 0.621329 0.616552
vt 0.612343 0.624495
vt 0.597307 0.605336
vt 0.590262 0.619617
vt 0.608107 0.637761
vt 0.615102 0.647686
vt 0.587570 0.634126
vt 0.596677 0.642477
vt 0.636734 0.645924
vt 0.656300 0.622907
vt 0.625661 0.638420
vt 0.660614 0.633430
vt 0.674371 0.599487
vt 0.674347 0.614143
vt 0.681375 0.578666
vt 0.678658 0.597297
vt 0.680291 0.573012
vt 0.676450 0.591594
vt 0.658047 0.491812
vt 0.671393 0.521634
vt 0.665760 0.547552
vt 0.604142 0.540102
vt 0.636467 0.554401
vt 0.578547 0.498381
vt 0.583788 0.460842
vt 0.563665 0.459624
vt 0.596590 0.505430
vt 0.633203 0.473251
vt 0.633448 0.499493
vt 0.598788 0.460145
vt 0.560840 0.504051
vt 0.541325 0.535943
vt 0.481251 0.538291
vt 0.507371 0.546852
vt 0.478095 0.513489
vt 0.496263 0.486208
vt 0.529786 0.471587
vt 0.525076 0.494163
vt 0.640107 0.658679
vt 0.665878 0.663463
vt 0.666891 0.669570
vt 0.647242 0.652397
vt 0.448310 0.622994
vt 0.452344 0.645914
vt 0.438074 0.645635
vt 0.463762 0.630728
vt 0.697484 0.642398
vt 0.687892 0.626191
vt 0.430554 0.638690
vt 0.437258 0.618865
vt 0.658168 0.671169
vt 0.636422 0.663575
vt 0.452324 0.658868
vt 0.467096 0.647463
vt 0.627432 0.656376
vt 0.625323 0.640358
vt 0.621212 0.649645
vt 0.679218 0.608561
vt 0.671319 0.613214
vt 0.681903 0.612463
vt 0.634327 0.634181
vt 0.646343 0.628881
vt 0.665969 0.644013
vt 0.645617 0.654567
vt 0.659405 0.621163
vt 0.678056 0.626991
vt 0.500517 0.637416
vt 0.483592 0.633993
vt 0.464005 0.625560
vt 0.447319 0.596680
vt 0.443812 0.599843
vt 0.457899 0.602827
vt 0.472140 0.615020
vt 0.449768 0.611817
vt 0.522858 0.627761
vt 0.507986 0.637369
vt 0.506304 0.635682
vt 0.498482 0.633039
vt 0.486411 0.626894
vt 0.597951 0.450428
vt 0.528867 0.452381
vn -0.3048 0.2635 0.9152
vn -0.3764 0.5013 0.7791
vn -0.3823 0.3030 0.8729
vn -0.3066 0.4470 0.8404
vn -0.3683 0.6562 0.6586
vn -0.4207 0.6979 0.5797
vn -0.4510 0.5624 0.6930
vn -0.4729 0.3603 0.8041
vn -0.3153 0.7328 0.6030
vn -0.3106 0.6097 0.7293
vn -0.3259 0.8053 0.4952
vn -0.3627 0.7598 0.5396
vn -0.3729 0.8153 0.4429
vn -0.3958 0.7839 0.4784
vn -0.4712 0.7294 0.4959
vn -0.4000 0.8272 0.3947
vn -0.4269 0.8009 0.4198
vn -0.4166 0.8376 0.3533
vn -0.4658 0.8150 0.3447
vn -0.5225 0.7551 0.3961
vn -0.5233 0.6167 0.5880
vn -0.5763 0.4259 0.6975
vn -0.5952 0.6558 0.4644
vn -0.6860 0.4761 0.5502
vn -0.9481 0.3161 0.0337
vn -0.8735 0.4859 -0.0319
vn -0.9565 0.2915 -0.0088
vn -0.8681 0.4958 0.0226
vn -0.7989 0.5992 -0.0521
vn -0.7899 0.5872 -0.1770
vn -0.8571 0.4858 -0.1717
vn -0.9416 0.2987 -0.1556
vn -0.7955 0.6059 0.0125
vn -0.7407 0.6686 -0.0654
vn -0.7381 0.6747 0.0069
vn -0.6842 0.7248 -0.0809
vn -0.6723 0.7171 -0.1839
vn -0.7385 0.6517 -0.1731
vn -0.7241 0.6128 -0.3165
vn -0.7510 0.5624 -0.3461
vn -0.6566 0.6886 -0.3076
vn -0.6427 0.6387 -0.4231
vn -0.6793 0.5777 -0.4526
vn -0.6945 0.5366 -0.4793
vn -0.7872 0.4960 -0.3665
vn -0.8539 0.3607 -0.3752
vn -0.6985 0.4998 -0.5122
vn -0.7142 0.4296 -0.5526
vn 0.7662 -0.3681 -0.5268
vn 0.8998 0.1858 -0.3949
vn 0.7215 -0.0213 -0.6921
vn 0.9657 -0.0422 -0.2563
vn 0.8895 0.4562 -0.0238
vn 0.8728 0.4815 -0.0802
vn 0.8973 0.2886 -0.3341
vn 0.7740 0.1306 -0.6196
vn 0.9381 0.3333 0.0937
vn 0.7741 0.6291 0.0708
vn 0.7367 0.6556 0.1655
vn 0.6186 0.7852 -0.0303
vn 0.7274 0.6824 -0.0728
vn 0.8010 0.5985 -0.0113
vn 0.8130 0.5767 -0.0805
vn 0.8538 0.5036 -0.1320
vn 0.7740 0.6242 -0.1066
vn 0.8097 0.5771 -0.1062
vn 0.8281 0.5519 -0.0982
vn 0.8388 0.5300 -0.1249
vn 0.8594 0.3847 -0.3369
vn 0.7601 0.3000 -0.5764
vn 0.8329 0.4948 -0.2478
vn 0.8020 0.4213 -0.4234
vn 0.9298 0.3565 0.0912
vn 0.8095 0.5445 0.2196
vn 0.9030 0.3782 0.2039
vn 0.8485 0.5157 0.1185
vn 0.7304 0.6363 0.2482
vn 0.6773 0.6584 0.3283
vn 0.7601 0.5706 0.3108
vn 0.8648 0.3943 0.3107
vn 0.7750 0.6140 0.1500
vn 0.6542 0.7023 0.2807
vn 0.7025 0.6884 0.1806
vn 0.5667 0.7627 0.3116
vn 0.5147 0.7670 0.3830
vn 0.6000 0.7174 0.3540
vn 0.5436 0.7243 0.4241
vn 0.6114 0.6731 0.4162
vn 0.4666 0.7664 0.4415
vn 0.4270 0.7553 0.4973
vn 0.4670 0.7216 0.5110
vn 0.5192 0.6759 0.5231
vn 0.6923 0.5890 0.4169
vn 0.8013 0.4088 0.4368
vn 0.5900 0.5935 0.5474
vn 0.6885 0.4146 0.5951
vn 0.0265 -0.9994 0.0205
vn 0.0635 -0.9979 0.0082
vn 0.0800 -0.9965 0.0242
vn 0.0199 -0.9998 -0.0040
vn 0.0250 -0.9958 -0.0881
vn 0.1573 -0.9868 -0.0387
vn 0.1891 -0.9817 0.0242
vn 0.1982 -0.9799 0.0233
vn 0.0222 -0.9929 -0.1165
vn -0.0139 -0.9482 -0.3174
vn 0.0505 -0.9339 -0.3541
vn 0.0251 -0.7346 -0.6781
vn 0.1635 -0.7440 -0.6479
vn 0.1228 -0.9611 -0.2474
vn 0.4116 -0.8924 -0.1851
vn 0.4059 -0.9138 -0.0163
vn 0.4629 -0.6860 -0.5614
vn 0.6990 -0.5595 -0.4453
vn 0.7151 -0.6671 -0.2088
vn 0.6843 -0.7277 -0.0469
vn 0.4004 -0.9159 0.0271
vn 0.3950 -0.9186 0.0142
vn 0.6586 -0.7523 0.0156
vn 0.6499 -0.7600 0.0005
vn 0.0769 0.9760 0.2037
vn 0.2034 0.9224 0.3283
vn 0.2000 0.9547 0.2204
vn 0.0707 0.9444 0.3212
vn 0.1935 0.8804 0.4329
vn 0.3215 0.8459 0.4256
vn 0.3382 0.8790 0.3360
vn 0.3504 0.9071 0.2331
vn 0.0502 0.9004 0.4322
vn 0.1812 0.8306 0.5265
vn 0.0392 0.8468 0.5305
vn 0.1813 0.7711 0.6103
vn 0.2907 0.7626 0.5779
vn 0.3008 0.8089 0.5052
vn 0.3878 0.7907 0.4736
vn 0.4245 0.8078 0.4091
vn 0.3658 0.7591 0.5384
vn 0.4615 0.8226 0.3323
vn 0.4992 0.8357 0.2289
vn 0.6163 0.7594 0.2085
vn 0.3950 0.9185 0.0185
vn 0.4436 0.8905 -0.1011
vn 0.2332 0.9701 -0.0677
vn 0.3255 0.9392 -0.1091
vn 0.5488 0.8259 -0.1289
vn 0.6337 0.7588 -0.1506
vn 0.1709 0.9800 -0.1024
vn 0.2865 0.9485 -0.1354
vn 0.1363 0.9845 -0.1107
vn 0.2559 0.9595 -0.1174
vn 0.4378 0.8875 -0.1438
vn 0.4781 0.8663 -0.1450
vn 0.6529 0.7375 -0.1727
vn 0.7154 0.6809 -0.1571
vn 0.6025 0.7810 -0.1645
vn 0.7025 0.6866 -0.1870
vn 0.7354 0.6407 -0.2206
vn 0.7828 0.5947 -0.1835
vn 0.7472 0.6491 -0.1425
vn 0.8037 0.5809 -0.1284
vn 0.0747 0.9970 -0.0226
vn 0.1055 0.9912 -0.0796
vn 0.0587 0.9971 0.0495
vn 0.2263 0.9732 -0.0414
vn 0.2025 0.9781 0.0491
vn 0.4164 0.9073 -0.0582
vn 0.0646 0.9910 0.1176
vn 0.1943 0.9720 0.1321
vn 0.3670 0.9203 0.1354
vn 0.3918 0.9191 0.0422
vn 0.5657 0.8242 0.0260
vn 0.5344 0.8364 0.1219
vn 0.6546 0.7498 0.0962
vn 0.6819 0.7314 0.0028
vn 0.5859 0.8071 -0.0731
vn 0.6963 0.7122 -0.0887
vn 0.0594 -0.9608 0.2707
vn 0.1354 -0.8564 0.4982
vn 0.0826 -0.8598 0.5039
vn 0.0458 -0.9906 0.1289
vn 0.1079 -0.9570 0.2692
vn 0.0960 -0.9866 0.1322
vn 0.1946 -0.9444 0.2650
vn 0.2259 -0.8433 0.4876
vn 0.0391 -0.9979 0.0525
vn 0.0358 -0.9992 0.0177
vn 0.0911 -0.9941 0.0589
vn 0.0879 -0.9959 0.0225
vn 0.1923 -0.9786 0.0729
vn 0.1909 -0.9717 0.1390
vn 0.3506 -0.9236 0.1549
vn 0.1922 -0.9808 0.0331
vn 0.3588 -0.9282 0.0982
vn 0.3666 -0.9291 0.0498
vn 0.5871 -0.7985 0.1335
vn 0.5741 -0.7964 0.1902
vn 0.3711 -0.8040 0.4646
vn 0.3391 -0.9050 0.2567
vn 0.5633 -0.7780 0.2782
vn 0.5373 -0.7359 0.4121
vn 0.0340 -0.9994 0.0050
vn 0.0849 -0.9964 0.0015
vn 0.0850 -0.9964 0.0057
vn 0.1927 -0.9812 -0.0043
vn 0.1917 -0.9814 0.0058
vn 0.0331 -0.9994 0.0024
vn 0.0844 -0.9964 0.0095
vn 0.0314 -0.9995 0.0094
vn 0.1966 -0.9805 0.0040
vn 0.3877 -0.9217 -0.0104
vn 0.3790 -0.9252 -0.0184
vn 0.6440 -0.7643 -0.0326
vn 0.6334 -0.7727 -0.0423
vn 0.3731 -0.9278 0.0029
vn 0.6228 -0.7824 -0.0063
vn 0.6060 -0.7926 0.0675
vn 0.8021 0.5635 -0.1979
vn 0.8294 0.4878 -0.2724
vn 0.8095 0.5666 -0.1539
vn 0.7896 0.5727 -0.2203
vn 0.8473 0.4914 -0.2013
vn 0.8249 0.5498 -0.1315
vn 0.7917 0.5707 -0.2180
vn 0.7785 0.5824 -0.2339
vn 0.7739 0.5743 -0.2669
vn 0.7588 0.5965 -0.2616
vn 0.7566 0.6212 -0.2044
vn 0.7995 0.5646 -0.2048
vn 0.8823 0.4414 -0.1635
vn 0.8126 0.5361 -0.2285
vn 0.8509 0.4933 -0.1807
vn 0.9168 0.3763 -0.1339
vn 0.9362 0.3334 -0.1111
vn 0.8750 0.4693 -0.1189
vn 0.8187 0.5624 -0.1161
vn 0.8793 0.4709 -0.0711
vn 0.9426 0.3224 -0.0872
vn 0.7641 0.6366 -0.1046
vn 0.7565 0.6535 -0.0233
vn 0.8180 0.5732 -0.0488
vn 0.7364 0.6732 0.0671
vn 0.8044 0.5930 0.0370
vn 0.8720 0.4895 0.0065
vn 0.9425 0.3335 -0.0213
vn -0.6516 0.6773 0.3416
vn -0.7684 0.4992 0.4004
vn -0.5619 0.7723 0.2963
vn -0.6878 0.6833 0.2450
vn -0.8157 0.5054 0.2815
vn -0.4381 0.8422 0.3142
vn -0.4999 0.8199 0.2791
vn -0.4681 0.8298 0.3037
vn -0.5355 0.7999 0.2710
vn -0.5929 0.7693 0.2379
vn -0.6359 0.7414 0.2143
vn -0.5578 0.7707 0.3079
vn -0.5844 0.7675 0.2636
vn -0.6052 0.7574 0.2452
vn -0.6394 0.7384 0.2144
vn -0.6910 0.7016 0.1737
vn -0.8486 0.4983 0.1776
vn -0.7225 0.6675 0.1800
vn -0.7695 0.6255 0.1290
vn -0.8810 0.4645 0.0898
vn -0.9113 0.4107 0.0296
vn -0.8153 0.5751 0.0670
vn -0.7404 0.6647 0.0999
vn -0.8425 0.5377 0.0329
vn -0.9291 0.3696 0.0132
vn -0.6871 0.7155 0.1261
vn -0.6452 0.7503 0.1442
vn -0.6683 0.7398 0.0778
vn -0.7144 0.6965 0.0673
vn -0.7694 0.6366 0.0521
vn -0.7295 0.6823 0.0480
vn -0.7856 0.6174 0.0406
vn -0.6814 0.7300 0.0537
vn -0.6880 0.7257 0.0021
vn -0.8579 0.5128 0.0336
vn -0.9391 0.3424 0.0281
vn -0.6562 -0.7517 0.0663
vn -0.4113 -0.9115 0.0063
vn -0.4098 -0.9107 0.0518
vn -0.6658 -0.7461 0.0015
vn -0.4114 -0.9114 0.0053
vn -0.2096 -0.9778 0.0062
vn -0.2120 -0.9772 0.0071
vn -0.2158 -0.9758 0.0358
vn -0.6694 -0.7429 0.0011
vn -0.4085 -0.9126 0.0168
vn -0.6677 -0.7442 0.0184
vn -0.4040 -0.9144 0.0242
vn -0.2036 -0.9789 0.0196
vn -0.2057 -0.9785 0.0139
vn -0.0868 -0.9962 0.0114
vn -0.0906 -0.9959 0.0050
vn -0.0874 -0.9960 0.0184
vn -0.0313 -0.9993 0.0184
vn -0.0318 -0.9995 0.0092
vn -0.0347 -0.9994 0.0035
vn -0.0929 -0.9957 0.0062
vn -0.0970 -0.9950 0.0247
vn -0.0363 -0.9993 0.0051
vn -0.0388 -0.9991 0.0187
vn -0.0125 -0.9999 0.0047
vn -0.0135 -0.9998 0.0163
vn -0.0118 -0.9999 0.0024
vn -0.0001 -1.0000 0.0020
vn -0.0001 -1.0000 0.0046
vn -0.0001 -0.9999 0.0158
vn -0.0104 -0.9999 0.0071
vn -0.0080 -0.9998 0.0175
vn 0.0003 -0.9999 0.0160
vn -0.0003 -1.0000 0.0064
vn 0.0102 -0.9999 0.0077
vn 0.0116 -0.9999 0.0023
vn 0.0072 -0.9998 0.0167
vn 0.0126 -0.9998 0.0161
vn 0.0121 -0.9999 0.0046
vn -0.5464 -0.7123 0.4404
vn -0.3648 -0.8824 0.2971
vn -0.3886 -0.7794 0.4914
vn -0.5845 -0.7495 0.3108
vn -0.3827 -0.9034 0.1934
vn -0.2176 -0.9606 0.1731
vn -0.2292 -0.9248 0.3037
vn -0.2742 -0.8162 0.5086
vn -0.6076 -0.7612 0.2268
vn -0.3986 -0.9089 0.1229
vn -0.6320 -0.7585 0.1590
vn -0.2166 -0.9719 0.0923
vn -0.1043 -0.9919 0.0721
vn -0.1210 -0.9798 0.1593
vn -0.0471 -0.9971 0.0603
vn -0.0699 -0.9865 0.1482
vn -0.1570 -0.9404 0.3017
vn -0.2208 -0.8306 0.5111
vn -0.1170 -0.9483 0.2950
vn -0.1897 -0.8382 0.5114
vn -0.0792 -0.9546 0.2871
vn -0.1430 -0.8459 0.5137
vn -0.0378 -0.9896 0.1384
vn -0.0085 -0.9913 0.1316
vn -0.0269 -0.9592 0.2813
vn -0.0578 -0.8534 0.5180
vn -0.0187 -0.9984 0.0541
vn -0.0013 -0.9987 0.0503
vn 0.0180 -0.9916 0.1279
vn 0.0145 -0.9986 0.0501
vn 0.0232 -0.9615 0.2737
vn 0.0293 -0.8587 0.5117
vn -0.6195 0.7849 -0.0092
vn -0.6161 0.7858 0.0542
vn -0.6062 0.7911 0.0814
vn -0.5114 0.8580 0.0482
vn -0.5154 0.8566 -0.0240
vn -0.5921 0.7915 0.1514
vn -0.5677 0.7809 0.2607
vn -0.5058 0.8504 0.1446
vn -0.5058 0.8593 0.0760
vn -0.3780 0.9236 0.0642
vn -0.5026 0.8247 0.2592
vn -0.3900 0.9117 0.1292
vn -0.4073 0.8794 0.2464
vn -0.2717 0.9558 0.1121
vn -0.2564 0.9652 0.0522
vn -0.3872 0.9216 -0.0280
vn -0.3788 0.9246 0.0390
vn -0.2528 0.9671 0.0291
vn -0.2572 0.9661 -0.0223
vn -0.1553 0.9877 -0.0187
vn -0.1585 0.9872 0.0183
vn -0.1629 0.9856 0.0452
vn -0.0899 0.9959 0.0072
vn -0.0814 0.9964 -0.0236
vn -0.3005 0.9258 0.2291
vn -0.1720 0.9801 0.0993
vn -0.2007 0.9563 0.2125
vn -0.0926 0.9911 0.0953
vn -0.0935 0.9946 0.0443
vn -0.0299 0.9985 0.0469
vn -0.0210 0.9803 0.1963
vn -0.0217 0.9945 0.1026
vn -0.0038 0.9991 -0.0432
vn -0.0225 0.9997 -0.0057
vn -0.5997 0.6834 -0.4163
vn -0.5754 0.7549 -0.3148
vn -0.5839 0.7836 -0.2121
vn -0.5334 0.7985 -0.2791
vn -0.6014 0.7271 -0.3312
vn -0.6057 0.7882 -0.1087
vn -0.5032 0.8542 -0.1311
vn -0.5014 0.8384 -0.2135
vn -0.4131 0.8928 -0.1795
vn -0.3932 0.9107 -0.1264
vn -0.2678 0.9581 -0.1020
vn -0.2946 0.9463 -0.1333
vn -0.5812 0.7834 -0.2202
vn -0.4859 0.8519 -0.1955
vn -0.3547 0.9275 -0.1185
vn -0.4506 0.8851 -0.1169
vn -0.2090 0.9767 -0.0492
vn -0.1914 0.9793 -0.0655
vn -0.0739 0.9940 -0.0806
vn -0.0659 0.9967 -0.0465
vn -0.0587 0.9979 -0.0262
vn -0.1709 0.9806 -0.0961
vn -0.1584 0.9843 -0.0783
vn -0.0771 0.9946 -0.0701
vn 0.0149 0.9966 -0.0805
vn 0.0378 0.9954 -0.0886
vn 0.0722 0.9961 -0.0502
vn 0.1049 0.9944 -0.0144
vn -0.5108 0.7980 0.3198
vn -0.5357 0.7746 0.3362
vn -0.4997 0.7893 0.3569
vn -0.4936 0.7969 0.3482
vn -0.4560 0.8227 0.3395
vn -0.4386 0.8208 0.3659
vn -0.4753 0.7948 0.3774
vn -0.4228 0.8179 0.3903
vn -0.4004 0.8276 0.3934
vn -0.3427 0.8373 0.4260
vn -0.3510 0.8462 0.4009
vn -0.4223 0.8360 0.3504
vn -0.3342 0.8761 0.3475
vn -0.2446 0.9079 0.3404
vn -0.2745 0.8699 0.4099
vn -0.1515 0.9316 0.3304
vn -0.1100 0.9736 0.2000
vn -0.2752 0.8445 0.4594
vn -0.2608 0.7980 0.5433
vn -0.1958 0.8492 0.4904
vn -0.1885 0.8887 0.4180
vn -0.0814 0.9011 0.4258
vn -0.1813 0.7911 0.5842
vn -0.0927 0.8515 0.5161
vn 0.0457 0.7800 0.6242
vn -0.0480 0.9456 0.3218
vn -0.6651 -0.7463 0.0273
vn -0.4000 -0.9164 0.0158
vn -0.6807 -0.7320 -0.0287
vn -0.6684 -0.7435 0.0189
vn -0.3904 -0.9201 -0.0326
vn -0.2046 -0.9788 0.0079
vn -0.6939 -0.6958 -0.1854
vn -0.6531 -0.6062 -0.4538
vn -0.3742 -0.9064 -0.1962
vn -0.4122 -0.7117 -0.5689
vn -0.2118 -0.9481 -0.2372
vn -0.2048 -0.9775 -0.0515
vn -0.1147 -0.9920 -0.0520
vn -0.2480 -0.7475 -0.6162
vn -0.1494 -0.9561 -0.2521
vn -0.1931 -0.7380 -0.6466
vn -0.1036 -0.9629 -0.2490
vn -0.0593 -0.9976 -0.0356
vn -0.0956 -0.9954 0.0087
vn -0.0374 -0.9992 0.0155
vn -0.0074 -0.9998 0.0192
vn -0.0121 -0.9997 -0.0233
vn 0.0362 -0.9984 -0.0432
vn 0.0075 -0.9999 0.0131
vn -0.1697 -0.7254 -0.6671
vn -0.0316 -0.9685 -0.2471
vn -0.0951 -0.7332 -0.6734
vn 0.0796 -0.9594 -0.2707
vn 0.1327 -0.9375 -0.3216
vn 0.0541 -0.9943 -0.0917
vn 0.1967 -0.7403 -0.6428
vn 0.1201 -0.7344 -0.6680
vn 0.0136 -0.9999 0.0003
vn -0.6122 0.4115 -0.6752
vn -0.6567 0.4618 -0.5963
vn -0.6736 0.5193 -0.5259
vn -0.6769 0.3504 -0.6474
vn -0.5682 0.2649 -0.7791
vn -0.6488 0.5910 -0.4794
vn -0.6745 0.6297 -0.3853
vn -0.7152 0.4950 -0.4934
vn -0.7480 0.4768 -0.4617
vn -0.6816 0.6764 -0.2792
vn -0.6481 0.7250 -0.2331
vn -0.7314 0.4969 -0.4672
vn -0.5050 0.0383 -0.8623
vn -0.6726 0.1925 -0.7145
vn -0.6995 0.0698 -0.7112
vn -0.6198 -0.2738 -0.7355
vn 0.4370 0.8841 0.1653
vn 0.7855 0.5308 0.3181
vn 0.9700 0.1422 0.1973
vn 0.8016 0.4914 0.3406
vn 0.4588 0.8428 0.2816
vn 0.9696 -0.2432 -0.0275
vn 0.7058 -0.7027 -0.0898
vn 0.9789 -0.1064 -0.1747
vn 0.9725 0.2311 0.0270
vn 0.8731 0.3772 -0.3089
vn 0.8024 -0.5396 -0.2548
vn 0.9091 0.1488 -0.3891
vn 0.8745 -0.0872 -0.4772
vn 0.8542 0.2805 -0.4377
vn 0.7737 0.5512 -0.3122
vn -0.8664 -0.3631 -0.3430
vn -0.9795 -0.0569 0.1931
vn -0.9137 -0.0183 -0.4060
vn -0.7412 0.2632 0.6175
vn -0.9626 -0.1910 0.1920
vn -0.7664 0.4196 0.4863
vn -0.4319 0.8099 -0.3968
vn 0.5285 0.3964 0.7507
vn 0.4601 0.5757 0.6760
vn 0.4112 0.6643 0.6242
vn 0.3364 0.5322 0.7769
vn 0.3653 0.3511 0.8622
vn 0.3778 0.7165 0.5864
vn 0.2990 0.7087 0.6391
vn 0.3161 0.6389 0.7013
vn 0.2160 0.6058 0.7657
vn 0.1959 0.7004 0.6863
vn 0.0641 0.6959 0.7153
vn 0.0860 0.5791 0.8107
vn 0.2347 0.2916 0.9273
vn 0.2303 0.4747 0.8495
vn 0.1056 0.4237 0.8996
vn 0.1194 0.2397 0.9635
vn -0.0217 0.2151 0.9763
vn -0.0397 0.3948 0.9179
vn -0.0504 0.5620 0.8256
vn -0.1576 0.3892 0.9076
vn -0.1486 0.2185 0.9645
vn -0.0813 0.7854 0.6136
vn -0.0628 0.6942 0.7171
vn -0.1668 0.6974 0.6970
vn -0.1616 0.5581 0.8139
vn -0.2450 0.5742 0.7812
vn -0.2500 0.7097 0.6587
vn -0.2341 0.2364 0.9430
vn -0.2403 0.4079 0.8808
vn 0.1079 -0.6332 0.7665
vn 0.1234 -0.3149 0.9411
vn 0.0323 -0.6280 0.7776
vn -0.1108 -0.2905 0.9504
vn -0.0878 -0.6213 0.7787
vn 0.1262 -0.0009 0.9920
vn 0.0234 -0.3071 0.9514
vn 0.0021 -0.0053 1.0000
vn -0.1319 0.0143 0.9912
vn -0.2340 0.0304 0.9718
vn -0.2339 -0.2893 0.9282
vn -0.3135 0.0295 0.9491
vn -0.3117 -0.3026 0.9007
vn -0.2026 -0.6230 0.7556
vn -0.2651 -0.6217 0.7370
vn 0.4759 -0.5464 0.6892
vn 0.7643 -0.1779 0.6198
vn 0.6773 -0.4992 0.5404
vn 0.5622 -0.2059 0.8010
vn 0.2938 -0.6017 0.7427
vn 0.7625 0.1402 0.6317
vn 0.5756 0.1223 0.8085
vn 0.3818 0.0784 0.9209
vn 0.3589 -0.2584 0.8969
vn 0.2144 -0.2985 0.9300
vn 0.2333 0.0310 0.9719
vn 0.1765 -0.6270 0.7588
vn -0.2457 -0.3237 -0.9137
vn -0.3557 -0.1159 -0.9274
vn -0.2059 -0.3884 -0.8982
vn -0.3412 -0.2348 -0.9102
vn 0.0329 -0.4972 -0.8670
vn 0.0777 -0.7474 -0.6599
vn -0.4746 -0.0908 -0.8755
vn -0.4290 -0.2657 -0.8633
vn -0.4925 -0.5588 -0.6672
vn 0.0776 -0.4088 -0.9093
vn 0.0219 -0.3919 -0.9198
vn 0.3812 -0.4009 -0.8330
vn 0.5150 -0.6638 -0.5423
vn 0.5229 -0.3048 -0.7961
vn 0.5664 -0.1830 -0.8036
vn 0.4138 -0.2945 -0.8614
vn 0.2503 -0.5329 -0.8083
vn 0.2350 -0.4790 -0.8457
vn -0.7616 -0.2415 -0.6014
vn -0.5243 0.1037 -0.8452
vn -0.4791 -0.2704 -0.8351
vn -0.2839 -0.3200 -0.9039
vn -0.7694 0.0852 -0.6331
vn -0.5641 0.3162 -0.7628
vn -0.7440 0.2960 -0.5991
vn -0.4341 0.1969 -0.8791
vn -0.3327 0.0305 -0.9426
vn -0.2747 -0.0472 -0.9604
vn -0.3848 0.0325 -0.9224
vn -0.2186 -0.3211 -0.9215
vn -0.8692 -0.4892 0.0719
vn -0.9833 -0.1683 0.0692
vn -0.8807 -0.4736 -0.0066
vn -0.9875 -0.1577 -0.0062
vn -0.8838 -0.4678 -0.0043
vn -0.9813 0.1789 0.0709
vn -0.9877 -0.1557 -0.0117
vn -0.9878 0.1557 -0.0010
vn -0.9915 0.1300 -0.0009
vn -0.9940 0.1066 0.0235
vn -0.9849 -0.1719 0.0192
vn -0.9968 0.0715 0.0354
vn -0.9798 -0.1979 0.0286
vn -0.8814 -0.4720 0.0181
vn -0.8768 -0.4801 0.0262
vn -0.7830 -0.5011 0.3685
vn -0.6733 -0.4896 0.5540
vn -0.8855 -0.1693 0.4326
vn -0.8133 -0.5173 0.2662
vn -0.7581 0.1949 0.6223
vn -0.7606 -0.1582 0.6297
vn -0.8727 0.2024 0.4443
vn -0.9311 0.1884 0.3123
vn -0.9337 -0.1934 0.3013
vn -0.9619 -0.1896 0.1968
vn -0.9637 0.1837 0.1938
vn -0.8408 -0.5084 0.1860
vn 0.8780 -0.4785 -0.0126
vn 0.9911 -0.1283 -0.0348
vn 0.8723 -0.4858 -0.0555
vn 0.9850 -0.1553 -0.0755
vn 0.8638 -0.4991 -0.0683
vn 0.9810 0.1774 -0.0782
vn 0.9869 0.1305 -0.0947
vn 0.9897 0.1090 -0.0930
vn 0.9805 -0.1763 -0.0868
vn 0.9794 -0.1987 -0.0356
vn 0.9941 0.1013 -0.0376
vn 0.9922 0.0987 0.0767
vn 0.9710 -0.2270 0.0752
vn 0.8543 -0.5194 -0.0215
vn 0.8350 -0.5449 0.0764
vn 0.7813 -0.2369 -0.5775
vn 0.7883 0.0571 -0.6126
vn 0.8919 -0.3240 -0.3155
vn 0.9256 0.0340 -0.3770
vn 0.9032 -0.4144 -0.1122
vn 0.8816 0.3180 -0.3487
vn 0.7822 0.2774 -0.5579
vn 0.9331 0.3058 -0.1894
vn 0.9857 -0.0230 -0.1671
vn 0.9956 -0.0847 -0.0393
vn 0.9647 0.2460 -0.0943
vn 0.8864 -0.4629 -0.0045
vn 0.8093 -0.5634 0.1661
vn 0.9512 -0.2445 0.1881
vn 0.9275 -0.2337 0.2916
vn 0.7927 -0.5595 0.2422
vn 0.9749 0.1003 0.1986
vn 0.9432 0.1106 0.3134
vn 0.8829 0.1288 0.4515
vn 0.8821 -0.1989 0.4271
vn 0.7752 -0.5230 0.3544
vn 0.1687 -0.3872 -0.9064
vn 0.3625 -0.1461 -0.9205
vn 0.4122 -0.0283 -0.9107
vn 0.2794 -0.3216 -0.9047
vn 0.5512 -0.0690 -0.8315
vn 0.5790 0.0793 -0.8115
vn 0.6404 0.2039 -0.7405
vn 0.5808 0.0384 -0.8131
vn 0.5367 -0.2577 -0.8035
vn -0.8785 -0.4776 0.0074
vn -0.9750 -0.2222 -0.0015
vn -0.9742 -0.1944 -0.1149
vn -0.8953 -0.4404 -0.0665
vn -0.9995 0.0318 0.0001
vn -0.9890 0.0451 -0.1410
vn -0.9125 0.1602 -0.3765
vn -0.9357 -0.0605 -0.3475
vn -0.9039 -0.3380 -0.2622
vn -0.2977 -0.6111 0.7335
vn -0.3602 -0.2961 0.8847
vn -0.4340 -0.2563 0.8637
vn -0.3545 -0.5854 0.7291
vn -0.3847 0.0393 0.9222
vn -0.4734 0.0829 0.8769
vn -0.6029 0.1469 0.7842
vn -0.5750 -0.1960 0.7943
vn -0.4840 -0.5339 0.6933
vn -0.0503 0.4547 -0.8892
vn -0.1219 0.3146 -0.9414
vn -0.0217 0.3523 -0.9356
vn -0.1088 0.2391 -0.9649
vn -0.1188 0.2893 -0.9498
vn -0.1812 0.1653 -0.9694
vn -0.1241 0.3711 -0.9203
vn -0.3060 0.5507 -0.7766
vn 0.1442 -0.1746 -0.9740
vn 0.4524 -0.5072 -0.7336
vn 0.2271 -0.2341 -0.9453
vn -0.0862 0.4345 -0.8965
vn 0.4632 -0.5018 -0.7306
vn 0.0182 0.6780 -0.7348
vn 0.4123 0.8924 -0.1836
vn 0.5890 0.1893 -0.7857
vn 0.5187 0.3137 -0.7953
vn 0.4194 0.1912 -0.8875
vn 0.4782 0.1108 -0.8712
vn 0.5614 0.3090 -0.7677
vn 0.0577 0.2942 -0.9540
vn 0.6295 0.5651 -0.5333
vn 0.6281 0.1867 -0.7554
vn 0.3848 0.2670 -0.8836
vn 0.5315 0.0192 -0.8469
vn 0.5559 0.0973 -0.8256
vn 0.5434 0.1923 -0.8171
vn 0.4499 0.3527 -0.8205
vn 0.3562 0.5539 -0.7525
vn 0.0884 -0.8952 -0.4369
vn 0.4067 -0.8892 -0.2097
vn 0.1019 -0.7517 -0.6516
vn 0.5811 -0.6813 -0.4452
vn 0.0556 -0.7413 -0.6689
vn -0.3900 -0.7563 -0.5253
vn -0.7035 -0.5281 -0.4757
vn -0.7213 -0.3870 -0.5744
vn -0.3589 -0.6551 -0.6648
vn -0.3695 -0.3267 -0.8699
vn 0.0915 -0.2294 -0.9690
vn -0.6921 -0.1779 -0.6995
vn -0.6019 0.0673 -0.7957
vn -0.3463 0.0646 -0.9359
vn -0.3089 -0.0709 -0.9484
vn 0.2043 0.1160 -0.9720
vn 0.1652 -0.0011 -0.9863
vn 0.6666 -0.2647 -0.6969
vn 0.5958 -0.1546 -0.7881
vn 0.6399 0.1002 -0.7619
vn 0.7897 0.2334 -0.5674
vn -0.2762 0.9575 0.0826
vn -0.5488 0.8358 0.0163
vn -0.0623 0.9932 0.0982
vn -0.0257 0.9484 0.3161
vn -0.3866 0.8423 0.3756
vn -0.7611 0.5998 0.2469
vn 0.1430 0.9852 0.0944
vn 0.1797 0.9573 0.2264
vn -0.4908 0.8164 0.3044
vn -0.4272 0.6880 0.5866
vn -0.5495 0.7942 0.2594
vn -0.3204 0.7658 0.5576
vn -0.3519 0.6690 0.6547
vn -0.0756 0.9498 0.3036
vn -0.2698 0.6199 0.7369
vn 0.0962 0.7485 0.6561
vn -0.8295 -0.0756 -0.5533
vn -0.7966 0.4413 -0.4131
vn -0.9143 0.2814 -0.2913
vn -0.8817 -0.0609 -0.4678
vn -0.7448 0.6497 -0.1521
vn -0.9121 0.4095 -0.0182
vn 0.3703 -0.1004 0.9235
vn 0.6702 -0.0597 0.7398
vn 0.3312 0.3072 0.8922
vn 0.9536 0.1634 -0.2528
vn 0.6403 -0.3560 0.6807
vn 0.9712 -0.2249 -0.0787
vn -0.8512 0.0626 -0.5212
vn -0.8812 0.2539 -0.3987
vn -0.7589 0.1683 -0.6290
vn 0.7199 0.5571 -0.4140
vn 0.6094 0.7195 -0.3331
vn 0.2658 0.8710 -0.4131
vn 0.9103 0.4096 0.0599
vn 0.8144 0.4954 -0.3021
vn 0.9877 0.1219 0.0978
vn 0.8077 0.4385 0.3942
vn 0.8159 -0.0650 0.5745
vn 0.5414 0.6526 0.5301
vn 0.0226 0.9721 -0.2336
vn 0.2714 0.9526 -0.1377
vn 0.0315 0.9995 0.0010
vn 0.6506 0.4643 -0.6010
vn 0.3069 0.9443 -0.1187
vn 0.1295 0.9746 -0.1826
vn 0.0961 0.9950 0.0277
vn 0.0628 0.9553 -0.2888
vn 0.3553 0.7818 -0.5124
vn 0.4228 0.8873 -0.1843
vn 0.4539 0.8585 -0.2386
vn 0.1223 0.8593 -0.4966
vn 0.2042 0.5279 0.8244
vn 0.5765 0.1233 0.8078
vn -0.0768 0.8187 0.5690
vn 0.2014 0.8834 0.4232
vn 0.0646 0.9176 0.3923
vn -0.0460 0.9576 0.2844
vn -0.2748 0.9214 0.2746
vn 0.0527 0.9633 0.2633
vn -0.1101 0.6530 -0.7493
vn -0.5669 0.6152 -0.5479
vn -0.1477 0.4774 -0.8662
vn -0.2632 0.6133 -0.7447
vn -0.3446 0.8163 -0.4635
vn -0.1786 0.8745 -0.4509
vn -0.2885 0.8791 -0.3794
vn -0.7032 0.5282 -0.4760
vn -0.1411 0.6628 -0.7354
vn 0.2982 0.8667 -0.4000
vn 0.0442 0.9265 -0.3738
vn 0.2578 0.9632 -0.0759
vn 0.5098 0.8336 0.2125
vn 0.1740 0.8037 0.5690
vn 0.2155 0.9449 0.2466
vn -0.0347 0.8737 0.4853
vn -0.3714 0.6077 0.7020
vn -0.8342 0.3749 0.4045
vn -0.4238 0.6775 0.6012
vn -0.8344 0.2796 0.4750
vn -0.9763 0.2084 0.0583
vn -0.9970 0.0574 0.0525
vn -0.9567 0.2108 -0.2009
vn -0.9494 0.0410 -0.3113
vn -0.8401 0.3186 -0.4390
vn -0.6482 0.1996 -0.7349
vn -0.3217 0.4381 -0.8394
vn -0.4410 0.3317 -0.8340
vn -0.4424 0.5805 -0.6836
vn -0.2197 0.5436 -0.8101
vn -0.2474 0.5791 -0.7768
vn 0.1300 0.6101 -0.7816
vn 0.1601 0.5696 -0.8062
vn 0.6130 0.5300 -0.5859
vn -0.3454 0.4859 -0.8028
vn -0.3076 0.5608 -0.7687
vn -0.1522 0.4550 -0.8774
vn -0.3556 0.4919 -0.7947
vn 0.7008 0.3882 -0.5985
vn 0.5948 0.4221 -0.6842
vn 0.7183 0.5355 -0.4442
vn 0.6042 0.5342 -0.5912
vn 0.6605 0.4060 -0.6316
vn 0.5002 0.6106 -0.6140
vn 0.4342 0.7406 -0.5128
vn 0.3554 0.5706 -0.7404
vn 0.4071 0.5441 -0.7336
vn 0.4326 0.1889 -0.8816
vn 0.3381 0.7301 -0.5938
vn 0.1887 0.2093 -0.9595
vn -0.2232 0.5036 -0.8346
vn -0.0621 0.1540 -0.9861
vn -0.0637 0.2243 -0.9724
vn -0.2119 0.2916 -0.9328
vn -0.3238 -0.0737 -0.9433
vn -0.2137 -0.1824 -0.9597
vn 0.2730 0.2737 -0.9223
vn 0.4415 0.3755 -0.8149
vn 0.3553 0.9342 -0.0314
vn 0.5201 0.8458 0.1187
vn -0.1094 0.4663 0.8778
vn -0.0842 0.3625 0.9282
vn 0.2832 0.7141 0.6402
vn 0.3391 0.7236 -0.6012
vn 0.6206 0.7676 0.1602
vn -0.2784 -0.0656 -0.9582
vn 0.3764 0.1957 -0.9056
vn -0.9008 -0.2230 -0.3727
vn -0.1373 0.3570 -0.9240
vn 0.0615 0.3137 -0.9475
vn -0.7949 0.2586 0.5489
vn -0.2704 0.6030 0.7505
vn 0.3529 0.3199 -0.8793
vn -0.9880 -0.1152 0.1025
vn -0.2971 0.7201 0.6271
vn 0.0484 0.3471 0.9366
vn 0.4650 -0.1354 0.8749
vn 0.5983 0.5114 -0.6169
vn 0.9718 -0.2304 0.0500
vn -0.1818 0.7529 -0.6325
vn -0.2474 0.6337 -0.7329
vn 0.6963 -0.3954 0.5991
vn -0.4914 0.8381 0.2367
vn 0.0014 0.5177 -0.8556
vn 0.5347 -0.2690 -0.8011
vn 0.1675 0.2446 -0.9550
vn -0.3497 0.1215 -0.9290
vn 0.6219 0.1619 -0.7662
usemtl None
s 1
f 44/1/1 656/2/2 385/3/3
f 362/4/4 400/5/5 656/2/2
f 656/2/2 139/6/6 403/7/7
f 385/3/3 403/7/7 130/8/8
f 361/9/9 400/5/5 118/10/10
f 20/11/11 657/12/12 361/9/9
f 223/13/13 401/14/14 657/12/12
f 657/12/12 139/6/6 400/5/5
f 401/14/14 402/15/15 139/6/6
f 49/16/16 658/17/17 401/14/14
f 224/18/18 341/19/19 658/17/17
f 658/17/17 108/20/20 402/15/15
f 130/8/8 659/21/21 386/22/22
f 403/7/7 402/15/15 659/21/21
f 659/21/21 108/20/20 342/23/23
f 386/22/22 342/23/23 34/24/24
f 40/25/25 660/26/26 383/27/27
f 354/28/28 404/29/29 660/26/26
f 660/26/26 140/30/30 407/31/31
f 383/27/27 407/31/31 129/32/32
f 114/33/33 661/34/34 404/29/29
f 353/35/35 229/36/36 661/34/34
f 661/34/34 52/37/37 405/38/38
f 404/29/29 405/38/38 140/30/30
f 140/30/30 662/39/39 406/40/40
f 405/38/38 230/41/41 662/39/39
f 662/39/39 8/42/42 343/43/43
f 662/39/39 109/44/44 406/40/40
f 129/32/32 663/45/45 384/46/46
f 407/31/31 406/40/40 663/45/45
f 663/45/45 109/44/44 344/47/47
f 384/46/46 344/47/47 35/48/48
f 42/49/49 664/50/50 381/51/51
f 358/52/52 408/53/53 664/50/50
f 664/50/50 141/54/54 411/55/55
f 381/51/51 411/55/55 128/56/56
f 116/57/57 665/58/58 408/53/53
f 357/59/59 235/60/60 665/58/58
f 665/58/58 55/61/61 409/62/62
f 408/53/53 409/62/62 141/54/54
f 141/54/54 666/63/63 410/64/64
f 409/62/62 236/65/65 666/63/63
f 666/63/63 6/66/66 345/67/67
f 410/64/64 345/67/67 110/68/68
f 128/56/56 667/69/69 382/70/70
f 411/55/55 410/64/64 667/69/69
f 667/69/69 110/68/68 346/71/71
f 382/70/70 346/71/71 36/72/72
f 38/73/73 668/74/74 379/75/75
f 350/76/76 412/77/77 668/74/74
f 668/74/74 142/78/78 415/79/79
f 379/75/75 415/79/79 127/80/80
f 112/81/81 669/82/82 412/77/77
f 349/83/83 241/84/84 669/82/82
f 669/82/82 58/85/85 413/86/86
f 412/77/77 413/86/86 142/78/78
f 142/78/78 670/87/87 414/88/88
f 413/86/86 242/89/89 670/87/87
f 670/87/87 2/90/90 222/91/91
f 414/88/88 222/91/91 48/92/92
f 127/80/80 671/93/93 380/94/94
f 415/79/79 414/88/88 671/93/93
f 671/93/93 48/92/92 221/95/95
f 380/94/94 221/95/95 33/96/96
f 32/97/97 672/98/98 265/99/99
f 330/100/100 416/101/101 672/98/98
f 672/98/98 143/102/102 419/103/103
f 265/99/99 419/103/103 70/104/104
f 102/105/105 673/106/106 416/101/101
f 329/107/107 284/108/108 673/106/106
f 673/106/106 79/109/109 417/110/110
f 416/101/101 417/110/110 143/102/102
f 143/102/102 674/111/111 418/112/112
f 417/110/110 283/113/113 674/111/111
f 674/111/111 5/114/114 240/115/115
f 418/112/112 240/115/115 57/116/116
f 70/104/104 675/117/117 266/118/118
f 419/103/103 418/112/112 675/117/117
f 675/117/117 57/116/116 239/119/119
f 266/118/118 239/119/119 14/120/120
f 28/121/121 676/122/122 261/123/123
f 326/124/124 420/125/125 676/122/122
f 676/122/122 144/126/126 423/127/127
f 261/123/123 423/127/127 68/128/128
f 100/129/129 677/130/130 420/125/125
f 325/131/131 280/132/132 677/130/130
f 677/130/130 77/133/133 421/134/134
f 420/125/125 421/134/134 144/126/126
f 144/126/126 678/135/135 422/136/136
f 421/134/134 279/137/137 678/135/135
f 678/135/135 2/90/90 242/89/89
f 422/136/136 242/89/89 58/85/85
f 68/128/128 679/138/138 262/139/139
f 423/127/127 422/136/136 679/138/138
f 679/138/138 58/85/85 241/84/84
f 262/139/139 241/84/84 16/140/140
f 24/141/141 680/142/142 235/60/60
f 322/143/143 424/144/144 680/142/142
f 680/142/142 145/145/145 427/146/146
f 235/60/60 427/146/146 55/61/61
f 98/147/147 681/148/148 424/144/144
f 321/149/149 259/150/150 681/148/148
f 681/148/148 67/151/151 425/152/152
f 424/144/144 425/152/152 145/145/145
f 145/145/145 682/153/153 426/154/154
f 425/152/152 260/155/155 682/153/153
f 682/153/153 15/156/156 256/157/157
f 426/154/154 256/157/157 65/158/158
f 55/61/61 683/159/159 236/65/65
f 427/146/146 426/154/154 683/159/159
f 683/159/159 65/158/158 255/160/160
f 683/159/159 6/66/66 236/65/65
f 318/161/161 259/150/150 26/162/162
f 96/163/163 684/164/164 318/161/161
f 428/165/165 431/166/166 684/164/164
f 259/150/150 431/166/166 67/151/151
f 317/167/167 428/165/165 96/163/163
f 317/167/167 261/123/123 685/168/168
f 685/168/168 68/128/128 429/169/169
f 685/168/168 146/170/170 428/165/165
f 429/169/169 430/171/171 146/170/170
f 68/128/128 686/172/172 429/169/169
f 262/139/139 258/173/173 686/172/172
f 686/172/172 66/174/174 430/171/171
f 67/151/151 687/175/175 260/155/155
f 146/170/170 687/175/175 431/166/166
f 430/171/171 257/176/176 687/175/175
f 260/155/155 257/176/176 15/156/156
f 314/177/177 219/178/178 18/179/179
f 94/180/180 688/181/181 314/177/177
f 432/182/182 435/183/183 688/181/181
f 688/181/181 47/184/184 219/178/178
f 313/185/185 432/182/182 94/180/180
f 30/186/186 689/187/187 313/185/185
f 263/188/188 433/189/189 689/187/187
f 689/187/187 147/190/190 432/182/182
f 433/189/189 434/191/191 147/190/190
f 69/192/192 690/193/193 433/189/189
f 264/194/194 252/195/195 690/193/193
f 690/193/193 63/196/196 434/191/191
f 435/183/183 220/197/197 47/184/184
f 147/190/190 691/198/198 435/183/183
f 434/191/191 251/199/199 691/198/198
f 691/198/198 1/200/200 220/197/197
f 310/201/201 263/188/188 30/186/186
f 310/201/201 436/202/202 692/203/203
f 692/203/203 148/204/204 439/205/205
f 692/203/203 69/192/192 263/188/188
f 92/206/206 693/207/207 436/202/202
f 309/208/208 265/99/99 693/207/207
f 693/207/207 70/104/104 437/209/209
f 436/202/202 437/209/209 148/204/204
f 148/204/204 694/210/210 438/211/211
f 437/209/209 266/118/118 694/210/210
f 694/210/210 14/120/120 254/212/212
f 438/211/211 254/212/212 64/213/213
f 439/205/205 264/194/194 69/192/192
f 439/205/205 438/211/211 695/214/214
f 695/214/214 64/213/213 253/215/215
f 695/214/214 13/216/216 264/194/194
f 36/72/72 696/217/217 377/218/218
f 346/71/71 440/219/219 696/217/217
f 440/219/219 443/220/220 696/217/217
f 696/217/217 126/221/221 377/218/218
f 345/67/67 440/219/219 110/68/68
f 6/66/66 697/222/222 345/67/67
f 255/160/160 441/223/223 697/222/222
f 697/222/222 149/224/224 440/219/219
f 441/223/223 442/225/225 149/224/224
f 65/158/158 698/226/226 441/223/223
f 256/157/157 347/227/227 698/226/226
f 698/226/226 111/228/228 442/225/225
f 443/220/220 378/229/229 126/221/221
f 149/224/224 699/230/230 443/220/220
f 442/225/225 348/231/231 699/230/230
f 699/230/230 37/232/232 378/229/229
f 348/231/231 375/233/233 37/232/232
f 111/228/228 700/234/234 348/231/231
f 444/235/235 447/236/236 700/234/234
f 700/234/234 125/237/237 375/233/233
f 347/227/227 444/235/235 111/228/228
f 15/156/156 701/238/238 347/227/227
f 257/176/176 445/239/239 701/238/238
f 701/238/238 150/240/240 444/235/235
f 150/240/240 702/241/241 446/242/242
f 445/239/239 258/173/173 702/241/241
f 702/241/241 16/140/140 349/83/83
f 446/242/242 349/83/83 112/81/81
f 125/237/237 703/243/243 376/244/244
f 447/236/236 446/242/242 703/243/243
f 703/243/243 112/81/81 350/76/76
f 376/244/244 350/76/76 38/73/73
f 34/24/24 704/245/245 373/246/246
f 108/20/20 704/245/245 342/23/23
f 448/247/247 451/248/248 704/245/245
f 704/245/245 124/249/249 373/246/246
f 341/19/19 448/247/247 108/20/20
f 4/250/250 705/251/251 341/19/19
f 247/252/252 449/253/253 705/251/251
f 705/251/251 151/254/254 448/247/247
f 449/253/253 450/255/255 151/254/254
f 449/253/253 248/256/256 706/257/257
f 706/257/257 11/258/258 351/259/259
f 450/255/255 351/259/259 113/260/260
f 451/248/248 374/261/261 124/249/249
f 151/254/254 707/262/262 451/248/248
f 450/255/255 352/263/263 707/262/262
f 707/262/262 39/264/264 374/261/261
f 352/263/263 371/265/265 39/264/264
f 113/260/260 708/266/266 352/263/263
f 452/267/267 455/268/268 708/266/266
f 708/266/266 123/269/269 371/265/265
f 113/260/260 709/270/270 452/267/267
f 351/259/259 249/271/271 709/270/270
f 709/270/270 62/272/272 453/273/273
f 452/267/267 453/273/273 152/274/274
f 152/274/274 710/275/275 454/276/276
f 453/273/273 250/277/277 710/275/275
f 710/275/275 12/278/278 353/35/35
f 454/276/276 353/35/35 114/33/33
f 123/269/269 711/279/279 372/280/280
f 455/268/268 454/276/276 711/279/279
f 711/279/279 114/33/33 354/28/28
f 372/280/280 354/28/28 40/25/25
f 10/281/281 712/282/282 299/283/283
f 246/284/284 456/285/285 712/282/282
f 712/282/282 153/286/286 459/287/287
f 299/283/283 459/287/287 87/288/288
f 60/289/289 713/290/290 456/285/285
f 245/291/291 303/292/292 713/290/290
f 713/290/290 89/293/293 457/294/294
f 456/285/285 457/294/294 153/286/286
f 153/286/286 714/295/295 458/296/296
f 457/294/294 304/297/297 714/295/295
f 714/295/295 31/298/298 307/299/299
f 458/296/296 307/299/299 91/300/300
f 87/288/288 715/301/301 300/302/302
f 459/287/287 458/296/296 715/301/301
f 715/301/301 91/300/300 308/303/303
f 300/302/302 308/303/303 29/304/304
f 29/304/304 716/305/305 301/306/306
f 308/303/303 460/307/307 716/305/305
f 716/305/305 154/308/308 463/309/309
f 301/306/306 463/309/309 88/310/310
f 91/300/300 717/311/311 460/307/307
f 307/299/299 305/312/312 717/311/311
f 717/311/311 90/313/313 461/314/314
f 460/307/307 461/314/314 154/308/308
f 154/308/308 718/315/315 462/316/316
f 461/314/314 306/317/317 718/315/315
f 718/315/315 32/97/97 309/208/208
f 462/316/316 309/208/208 92/206/206
f 463/309/309 302/318/318 88/310/310
f 463/309/309 462/316/316 719/319/319
f 462/316/316 310/201/201 719/319/319
f 719/319/319 30/186/186 302/318/318
f 3/320/320 720/321/321 275/322/322
f 228/323/323 464/324/324 720/321/321
f 720/321/321 155/325/325 467/326/326
f 275/322/322 467/326/326 75/327/327
f 51/328/328 721/329/329 464/324/324
f 227/330/330 299/283/283 721/329/329
f 721/329/329 87/288/288 465/331/331
f 464/324/324 465/331/331 155/325/325
f 155/325/325 722/332/332 466/333/333
f 465/331/331 300/302/302 722/332/332
f 722/332/332 29/304/304 311/334/334
f 466/333/333 311/334/334 93/335/335
f 75/327/327 723/336/336 276/337/337
f 467/326/326 466/333/333 723/336/336
f 723/336/336 93/335/335 312/338/338
f 276/337/337 312/338/338 17/339/339
f 17/339/339 724/340/340 277/341/341
f 312/338/338 468/342/342 724/340/340
f 724/340/340 156/343/343 471/344/344
f 277/341/341 471/344/344 76/345/345
f 93/335/335 725/346/346 468/342/342
f 311/334/334 301/306/306 725/346/346
f 725/346/346 88/310/310 469/347/347
f 468/342/342 469/347/347 156/343/343
f 469/347/347 470/348/348 156/343/343
f 88/310/310 726/349/349 469/347/347
f 302/318/318 313/185/185 726/349/349
f 726/349/349 94/180/180 470/348/348
f 76/345/345 727/350/350 278/351/351
f 156/343/343 727/350/350 471/344/344
f 470/348/348 314/177/177 727/350/350
f 727/350/350 18/179/179 278/351/351
f 250/277/277 291/352/352 12/278/278
f 62/272/272 728/353/353 250/277/277
f 472/354/354 475/355/355 728/353/353
f 728/353/353 83/356/356 291/352/352
f 249/271/271 472/354/354 62/272/272
f 11/258/258 729/357/357 249/271/271
f 295/358/358 473/359/359 729/357/357
f 729/357/357 157/360/360 472/354/354
f 473/359/359 474/361/361 157/360/360
f 85/362/362 730/363/363 473/359/359
f 296/364/364 315/365/365 730/363/363
f 730/363/363 95/366/366 474/361/361
f 475/355/355 292/367/367 83/356/356
f 157/360/360 731/368/368 475/355/355
f 474/361/361 316/369/369 731/368/368
f 731/368/368 25/370/370 292/367/367
f 316/369/369 293/371/371 25/370/370
f 95/366/366 732/372/372 316/369/369
f 476/373/373 479/374/374 732/372/372
f 732/372/372 84/375/375 293/371/371
f 315/365/365 476/373/373 95/366/366
f 27/376/376 733/377/377 315/365/365
f 297/378/378 477/379/379 733/377/377
f 733/377/377 158/380/380 476/373/373
f 477/379/379 478/381/381 158/380/380
f 477/379/379 298/382/382 734/383/383
f 734/383/383 28/121/121 317/167/167
f 734/383/383 96/163/163 478/381/381
f 479/374/374 294/384/384 84/375/375
f 158/380/380 735/385/385 479/374/374
f 478/381/381 318/161/161 735/385/385
f 735/385/385 26/162/162 294/384/384
f 230/41/41 287/386/386 8/42/42
f 52/37/37 736/387/387 230/41/41
f 480/388/388 483/389/389 736/387/387
f 736/387/387 81/390/390 287/386/386
f 229/36/36 480/388/388 52/37/37
f 12/278/278 737/391/391 229/36/36
f 291/352/352 481/392/392 737/391/391
f 737/391/391 159/393/393 480/388/388
f 481/392/392 482/394/394 159/393/393
f 83/356/356 738/395/395 481/392/392
f 292/367/367 319/396/396 738/395/395
f 738/395/395 97/397/397 482/394/394
f 483/389/389 288/398/398 81/390/390
f 159/393/393 739/399/399 483/389/389
f 482/394/394 320/400/400 739/399/399
f 739/399/399 23/401/401 288/398/398
f 320/400/400 289/402/402 23/401/401
f 97/397/397 740/403/403 320/400/400
f 740/403/403 160/404/404 487/405/405
f 740/403/403 82/406/406 289/402/402
f 319/396/396 484/407/407 97/397/397
f 25/370/370 741/408/408 319/396/396
f 293/371/371 485/409/409 741/408/408
f 484/407/407 485/409/409 160/404/404
f 160/404/404 742/410/410 486/411/411
f 84/375/375 742/410/410 485/409/409
f 742/410/410 26/162/162 321/149/149
f 486/411/411 321/149/149 98/147/147
f 82/406/406 743/412/412 290/413/413
f 487/405/405 486/411/411 743/412/412
f 743/412/412 98/147/147 322/143/143
f 290/413/413 322/143/143 24/141/141
f 248/256/256 295/358/358 11/258/258
f 61/414/414 744/415/415 248/256/256
f 488/416/416 491/417/417 744/415/415
f 744/415/415 85/362/362 295/358/358
f 247/252/252 488/416/416 61/414/414
f 4/250/250 745/418/418 247/252/252
f 224/18/18 489/419/419 745/418/418
f 745/418/418 161/420/420 488/416/416
f 489/419/419 490/421/421 161/420/420
f 49/16/16 746/422/422 489/419/419
f 223/13/13 323/423/423 746/422/422
f 746/422/422 99/424/424 490/421/421
f 491/417/417 296/364/364 85/362/362
f 161/420/420 747/425/425 491/417/417
f 490/421/421 324/426/426 747/425/425
f 747/425/425 27/376/376 296/364/364
f 324/426/426 297/378/378 27/376/376
f 99/424/424 748/427/427 324/426/426
f 492/428/428 495/429/429 748/427/427
f 748/427/427 86/430/430 297/378/378
f 323/423/423 492/428/428 99/424/424
f 20/11/11 749/431/431 323/423/423
f 282/432/432 493/433/433 749/431/431
f 749/431/431 162/434/434 492/428/428
f 493/433/433 494/435/435 162/434/434
f 78/436/436 750/437/437 493/433/433
f 750/437/437 19/438/438 325/131/131
f 494/435/435 325/131/131 100/129/129
f 495/429/429 298/382/382 86/430/430
f 162/434/434 751/439/439 495/429/429
f 751/439/439 100/129/129 326/124/124
f 298/382/382 326/124/124 28/121/121
f 9/440/440 752/441/441 303/292/292
f 59/442/442 752/441/441 244/443/443
f 496/444/444 499/445/445 752/441/441
f 303/292/292 499/445/445 89/293/293
f 243/446/446 496/444/444 59/442/442
f 7/447/447 753/448/448 243/446/446
f 234/449/449 497/450/450 753/448/448
f 753/448/448 163/451/451 496/444/444
f 497/450/450 498/452/452 163/451/451
f 54/453/453 754/454/454 497/450/450
f 233/455/455 327/456/456 754/454/454
f 754/454/454 101/457/457 498/452/452
f 89/293/293 755/458/458 304/297/297
f 163/451/451 755/458/458 499/445/445
f 498/452/452 328/459/459 755/458/458
f 304/297/297 328/459/459 31/298/298
f 31/298/298 756/460/460 305/312/312
f 328/459/459 500/461/461 756/460/460
f 756/460/460 164/462/462 503/463/463
f 305/312/312 503/463/463 90/313/313
f 327/456/456 500/461/461 101/457/457
f 22/464/464 757/465/465 327/456/456
f 286/466/466 501/467/467 757/465/465
f 500/461/461 501/467/467 164/462/462
f 164/462/462 758/468/468 502/469/469
f 501/467/467 285/470/470 758/468/468
f 758/468/468 21/471/471 329/107/107
f 502/469/469 329/107/107 102/105/105
f 90/313/313 759/472/472 306/317/317
f 503/463/463 502/469/469 759/472/472
f 759/472/472 102/105/105 330/100/100
f 306/317/317 330/100/100 32/97/97
f 344/47/47 369/473/473 35/48/48
f 109/44/44 760/474/474 344/47/47
f 504/475/475 507/476/476 760/474/474
f 760/474/474 122/477/477 369/473/473
f 343/43/43 504/475/475 109/44/44
f 8/42/42 761/478/478 343/43/43
f 287/386/386 505/479/479 761/478/478
f 761/478/478 165/480/480 504/475/475
f 505/479/479 506/481/481 165/480/480
f 81/390/390 762/482/482 505/479/479
f 288/398/398 355/483/483 762/482/482
f 762/482/482 115/484/484 506/481/481
f 507/476/476 370/485/485 122/477/477
f 165/480/480 763/486/486 507/476/476
f 763/486/486 115/484/484 356/487/487
f 763/486/486 41/488/488 370/485/485
f 357/59/59 396/489/489 24/141/141
f 116/57/57 764/490/490 357/59/59
f 508/491/491 511/492/492 764/490/490
f 764/490/490 136/493/493 396/489/489
f 358/52/52 508/491/491 116/57/57
f 42/49/49 765/494/494 358/52/52
f 393/495/495 509/496/496 765/494/494
f 765/494/494 186/497/497 508/491/491
f 509/496/496 510/498/498 186/497/497
f 135/499/499 766/500/500 509/496/496
f 394/501/501 390/502/502 766/500/500
f 510/498/498 390/502/502 133/503/503
f 211/504/504 767/505/505 654/506/506
f 207/507/507 767/505/505 639/508/508
f 654/506/506 652/509/509 205/510/510
f 221/95/95 365/511/511 33/96/96
f 48/92/92 768/512/512 221/95/95
f 512/513/513 515/514/514 768/512/512
f 768/512/512 120/515/515 365/511/511
f 222/91/91 512/513/513 48/92/92
f 2/90/90 769/516/516 222/91/91
f 769/516/516 77/133/133 513/517/517
f 769/516/516 167/518/518 512/513/513
f 513/517/517 514/519/519 167/518/518
f 513/517/517 280/132/132 770/520/520
f 770/520/520 19/438/438 359/521/521
f 770/520/520 117/522/522 514/519/519
f 515/514/514 366/523/523 120/515/515
f 167/518/518 771/524/524 515/514/514
f 514/519/519 360/525/525 771/524/524
f 771/524/524 43/526/526 366/523/523
f 360/525/525 363/527/527 43/526/526
f 117/522/522 772/528/528 360/525/525
f 516/529/529 519/530/530 772/528/528
f 772/528/528 119/531/531 363/527/527
f 359/521/521 516/529/529 117/522/522
f 359/521/521 281/532/532 773/533/533
f 281/532/532 517/534/534 773/533/533
f 773/533/533 168/535/535 516/529/529
f 517/534/534 518/536/536 168/535/535
f 78/436/436 774/537/537 517/534/534
f 282/432/432 361/9/9 774/537/537
f 774/537/537 118/10/10 518/536/536
f 519/530/530 364/538/538 119/531/531
f 168/535/535 775/539/539 519/530/530
f 518/536/536 362/4/4 775/539/539
f 775/539/539 44/1/1 364/538/538
f 336/540/540 278/351/351 18/179/179
f 105/541/541 776/542/542 336/540/540
f 776/542/542 169/543/543 523/544/544
f 278/351/351 523/544/544 76/345/345
f 335/545/545 520/546/546 105/541/541
f 43/526/526 777/547/547 335/545/545
f 363/527/527 521/548/548 777/547/547
f 777/547/547 169/543/543 520/546/546
f 169/543/543 778/549/549 522/550/550
f 119/531/531 778/549/549 521/548/548
f 778/549/549 44/1/1 337/551/551
f 522/550/550 337/551/551 106/552/552
f 76/345/345 779/553/553 277/341/341
f 523/544/544 522/550/550 779/553/553
f 779/553/553 106/552/552 338/554/554
f 277/341/341 338/554/554 17/339/339
f 1/200/200 780/555/555 220/197/197
f 107/556/556 780/555/555 339/557/557
f 524/558/558 527/559/559 780/555/555
f 780/555/555 47/184/184 220/197/197
f 340/560/560 524/558/558 107/556/556
f 33/96/96 781/561/561 340/560/560
f 365/511/511 525/562/562 781/561/561
f 781/561/561 170/563/563 524/558/558
f 525/562/562 526/564/564 170/563/563
f 120/515/515 782/565/565 525/562/562
f 366/523/523 335/545/545 782/565/565
f 782/565/565 105/541/541 526/564/564
f 527/559/559 219/178/178 47/184/184
f 170/563/563 783/566/566 527/559/559
f 526/564/564 336/540/540 783/566/566
f 783/566/566 18/179/179 219/178/178
f 332/567/567 286/466/466 22/464/464
f 103/568/568 784/569/569 332/567/567
f 528/570/570 531/571/571 784/569/569
f 784/569/569 80/572/572 286/466/466
f 331/573/573 528/570/570 103/568/568
f 41/488/488 785/574/574 331/573/573
f 367/575/575 529/576/576 785/574/574
f 785/574/574 171/577/577 528/570/570
f 529/576/576 530/578/578 171/577/577
f 529/576/576 368/579/579 786/580/580
f 786/580/580 42/49/49 333/581/581
f 530/578/578 333/581/581 104/582/582
f 531/571/571 285/470/470 80/572/572
f 171/577/577 787/583/583 531/571/571
f 787/583/583 104/582/582 334/584/584
f 787/583/583 21/471/471 285/470/470
f 232/585/585 234/449/449 7/447/447
f 232/585/585 532/586/586 788/587/587
f 532/586/586 535/588/588 788/587/587
f 788/587/587 54/453/453 234/449/449
f 53/589/589 789/590/590 532/586/586
f 231/591/591 369/473/473 789/590/590
f 369/473/473 533/592/592 789/590/590
f 789/590/590 172/593/593 532/586/586
f 533/592/592 534/594/594 172/593/593
f 122/477/477 790/595/595 533/592/592
f 370/485/485 331/573/573 790/595/595
f 790/595/595 103/568/568 534/594/594
f 535/588/588 233/455/455 54/453/453
f 172/593/593 791/596/596 535/588/588
f 534/594/594 332/567/567 791/596/596
f 791/596/596 22/464/464 233/455/455
f 272/597/597 246/284/284 10/281/281
f 73/598/598 792/599/599 272/597/597
f 792/599/599 173/600/600 539/601/601
f 246/284/284 539/601/601 60/289/289
f 271/602/602 536/603/603 73/598/598
f 39/264/264 793/604/604 271/602/602
f 371/265/265 537/605/605 793/604/604
f 793/604/604 173/600/600 536/603/603
f 173/600/600 794/606/606 538/607/607
f 537/605/605 372/280/280 794/606/606
f 794/606/606 40/25/25 273/608/608
f 538/607/607 273/608/608 74/609/609
f 60/289/289 795/610/610 245/291/291
f 539/601/601 538/607/607 795/610/610
f 795/610/610 74/609/609 274/611/611
f 245/291/291 274/611/611 9/440/440
f 3/320/320 796/612/612 228/323/323
f 226/613/613 540/614/614 796/612/612
f 540/614/614 543/615/615 796/612/612
f 796/612/612 51/328/328 228/323/323
f 225/616/616 540/614/614 50/617/617
f 225/616/616 373/246/246 797/618/618
f 373/246/246 541/619/619 797/618/618
f 797/618/618 174/620/620 540/614/614
f 541/619/619 542/621/621 174/620/620
f 124/249/249 798/622/622 541/619/619
f 374/261/261 271/602/602 798/622/622
f 798/622/622 73/598/598 542/621/621
f 543/615/615 227/330/330 51/328/328
f 174/620/620 799/623/623 543/615/615
f 542/621/621 272/597/597 799/623/623
f 799/623/623 10/281/281 227/330/330
f 268/624/624 254/212/212 14/120/120
f 71/625/625 800/626/626 268/624/624
f 544/627/627 547/628/628 800/626/626
f 800/626/626 64/213/213 254/212/212
f 267/629/629 544/627/627 71/625/625
f 37/232/232 801/630/630 267/629/629
f 375/233/233 545/631/631 801/630/630
f 801/630/630 175/632/632 544/627/627
f 545/631/631 546/633/633 175/632/632
f 125/237/237 802/634/634 545/631/631
f 802/634/634 38/73/73 269/635/635
f 802/634/634 72/636/636 546/633/633
f 547/628/628 253/215/215 64/213/213
f 175/632/632 803/637/637 547/628/628
f 546/633/633 270/638/638 803/637/637
f 253/215/215 270/638/638 13/216/216
f 238/639/639 240/115/115 5/114/114
f 56/640/640 804/641/641 238/639/639
f 548/642/642 551/643/643 804/641/641
f 804/641/641 57/116/116 240/115/115
f 56/640/640 805/644/644 548/642/642
f 237/645/645 377/218/218 805/644/644
f 377/218/218 549/646/646 805/644/644
f 805/644/644 176/647/647 548/642/642
f 549/646/646 550/648/648 176/647/647
f 126/221/221 806/649/649 549/646/646
f 378/229/229 267/629/629 806/649/649
f 806/649/649 71/625/625 550/648/648
f 551/643/643 239/119/119 57/116/116
f 176/647/647 807/650/650 551/643/643
f 550/648/648 268/624/624 807/650/650
f 807/650/650 14/120/120 239/119/119
f 13/216/216 808/651/651 252/195/195
f 270/638/638 552/652/652 808/651/651
f 808/651/651 177/653/653 555/654/654
f 252/195/195 555/654/654 63/196/196
f 72/636/636 809/655/655 552/652/652
f 269/635/635 379/75/75 809/655/655
f 809/655/655 127/80/80 553/656/656
f 552/652/652 553/656/656 177/653/653
f 177/653/653 810/657/657 554/658/658
f 553/656/656 380/94/94 810/657/657
f 810/657/657 33/96/96 340/560/560
f 554/658/658 340/560/560 107/556/556
f 63/196/196 811/659/659 251/199/199
f 555/654/654 554/658/658 811/659/659
f 554/658/658 339/557/557 811/659/659
f 811/659/659 1/200/200 251/199/199
f 21/471/471 812/660/660 284/108/108
f 334/584/584 556/661/661 812/660/660
f 812/660/660 178/662/662 559/663/663
f 284/108/108 559/663/663 79/109/109
f 104/582/582 813/664/664 556/661/661
f 333/581/581 381/51/51 813/664/664
f 813/664/664 128/56/56 557/665/665
f 556/661/661 557/665/665 178/662/662
f 178/662/662 814/666/666 558/667/667
f 557/665/665 382/70/70 814/666/666
f 814/666/666 36/72/72 237/645/645
f 558/667/667 237/645/645 56/640/640
f 79/109/109 815/668/668 283/113/113
f 559/663/663 558/667/667 815/668/668
f 558/667/667 238/639/639 815/668/668
f 815/668/668 5/114/114 283/113/113
f 9/440/440 816/669/669 244/443/443
f 274/611/611 560/670/670 816/669/669
f 816/669/669 179/671/671 563/672/672
f 244/443/443 563/672/672 59/442/442
f 74/609/609 817/673/673 560/670/670
f 273/608/608 383/27/27 817/673/673
f 817/673/673 129/32/32 561/674/674
f 560/670/670 561/674/674 179/671/671
f 179/671/671 818/675/675 562/676/676
f 561/674/674 384/46/46 818/675/675
f 818/675/675 35/48/48 231/591/591
f 562/676/676 231/591/591 53/589/589
f 59/442/442 819/677/677 243/446/446
f 563/672/672 562/676/676 819/677/677
f 819/677/677 53/589/589 232/585/585
f 819/677/677 7/447/447 243/446/446
f 17/339/339 820/678/678 276/337/337
f 338/554/554 564/679/679 820/678/678
f 820/678/678 180/680/680 567/681/681
f 276/337/337 567/681/681 75/327/327
f 106/552/552 821/682/682 564/679/679
f 337/551/551 385/3/3 821/682/682
f 821/682/682 130/8/8 565/683/683
f 564/679/679 565/683/683 180/680/680
f 180/680/680 822/684/684 566/685/685
f 565/683/683 386/22/22 822/684/684
f 822/684/684 34/24/24 225/616/616
f 566/685/685 225/616/616 50/617/617
f 75/327/327 823/686/686 275/322/322
f 567/681/681 566/685/685 823/686/686
f 823/686/686 50/617/617 226/613/613
f 823/686/686 3/320/320 275/322/322
f 197/687/687 608/688/688 824/689/689
f 198/690/690 610/691/691 824/689/689
f 824/689/689 610/691/691 199/692/692
f 824/689/689 611/693/693 200/694/694
f 217/695/695 825/696/696 631/697/697
f 213/698/698 825/696/696 648/699/699
f 631/697/697 632/700/700 206/701/701
f 638/702/702 653/703/703 210/704/704
f 209/705/705 826/706/706 638/702/702
f 205/510/510 826/706/706 651/707/707
f 201/708/708 616/709/709 827/710/710
f 202/711/711 618/712/712 827/710/710
f 827/710/710 618/712/712 203/713/713
f 827/710/710 619/714/714 204/715/715
f 368/579/579 393/495/495 42/49/49
f 368/579/579 572/716/716 828/717/717
f 828/717/717 182/718/718 575/719/719
f 828/717/717 135/499/499 393/495/495
f 121/720/720 829/721/721 572/716/716
f 367/575/575 397/722/722 829/721/721
f 829/721/721 137/723/723 573/724/724
f 572/716/716 573/724/724 182/718/718
f 182/718/718 876/725/725 574/726/726
f 573/724/724 398/727/727 876/725/725
f 876/725/725 45/728/728 875/729/729
f 830/730/730 134/731/731 877/732/732
f 575/719/719 394/501/501 135/499/499
f 182/718/718 878/733/733 575/719/719
f 831/734/734 134/731/731 879/735/735
f 878/733/733 46/736/736 394/501/501
f 23/401/401 832/737/737 399/738/738
f 289/402/402 576/739/739 832/737/737
f 832/737/737 194/740/740 579/741/741
f 399/738/738 579/741/741 138/742/742
f 290/413/413 576/739/739 82/406/406
f 24/141/141 833/743/743 290/413/413
f 396/489/489 577/744/744 833/743/743
f 833/743/743 194/740/740 576/739/739
f 213/698/698 834/745/745 632/700/700
f 214/746/746 834/745/745 647/747/747
f 632/700/700 649/748/748 206/701/701
f 207/507/507 835/749/749 652/509/509
f 650/750/750 637/751/751 208/752/752
f 205/510/510 835/749/749 650/750/750
f 41/488/488 836/753/753 397/722/722
f 356/487/487 580/754/754 836/753/753
f 836/753/753 196/755/755 583/756/756
f 397/722/722 583/756/756 137/723/723
f 115/484/484 837/757/757 580/754/754
f 355/483/483 399/738/738 837/757/757
f 837/757/757 138/742/742 581/758/758
f 580/754/754 581/758/758 196/755/755
f 215/759/759 838/760/760 641/761/761
f 633/762/762 646/763/763 216/764/764
f 206/701/701 838/760/760 633/762/762
f 137/723/723 839/765/765 398/727/727
f 583/756/756 582/766/766 839/765/765
f 582/766/766 389/767/767 839/765/765
f 398/727/727 389/767/767 45/728/728
f 584/768/768 590/769/769 185/770/770
f 584/768/768 591/771/771 840/772/772
f 840/772/772 186/497/497 510/498/498
f 840/772/772 133/503/503 590/769/769
f 166/773/773 841/774/774 591/771/771
f 585/775/775 592/776/776 841/774/774
f 592/776/776 511/492/492 841/774/774
f 591/771/771 511/492/492 186/497/497
f 131/777/777 842/778/778 593/779/779
f 586/780/780 594/781/781 842/778/778
f 594/781/781 569/782/782 842/778/778
f 842/778/778 188/783/783 593/779/779
f 587/784/784 594/781/781 181/785/785
f 185/770/770 843/786/786 587/784/784
f 843/786/786 133/503/503 570/787/787
f 594/781/781 570/787/787 192/788/788
f 588/789/789 592/776/776 187/790/790
f 183/791/791 844/792/792 588/789/789
f 595/793/793 577/744/744 844/792/792
f 844/792/792 136/493/493 592/776/776
f 183/791/791 845/794/794 595/793/793
f 589/795/795 593/779/779 845/794/794
f 593/779/779 578/796/796 845/794/794
f 595/793/793 578/796/796 194/740/740
f 596/797/797 602/798/798 191/799/799
f 189/800/800 846/801/801 596/797/797
f 603/802/802 568/803/803 846/801/801
f 846/801/801 132/804/804 602/798/798
f 597/805/805 603/802/802 189/800/800
f 193/806/806 847/807/807 597/805/805
f 604/808/808 569/782/782 847/807/807
f 847/807/807 192/788/788 603/802/802
f 598/809/809 604/808/808 193/806/806
f 190/810/810 848/811/811 598/809/809
f 605/812/812 578/796/796 848/811/811
f 848/811/811 188/783/783 604/808/808
f 599/813/813 605/812/812 190/810/810
f 599/813/813 606/814/814 849/815/815
f 849/815/815 138/742/742 579/741/741
f 605/812/812 579/741/741 194/740/740
f 195/816/816 850/817/817 606/814/814
f 600/818/818 607/819/819 850/817/817
f 607/819/819 581/758/758 850/817/817
f 606/814/814 581/758/758 138/742/742
f 184/820/820 851/821/821 607/819/819
f 601/822/822 602/798/798 851/821/821
f 851/821/821 132/804/804 582/766/766
f 607/819/819 582/766/766 196/755/755
f 389/767/767 612/823/823 45/728/728
f 132/804/804 852/824/824 389/767/767
f 613/825/825 608/688/688 852/824/824
f 852/824/824 197/687/687 612/823/823
f 568/803/803 613/825/825 132/804/804
f 568/803/803 614/826/826 853/827/827
f 853/827/827 199/692/692 610/691/691
f 853/827/827 198/690/690 613/825/825
f 571/828/828 614/826/826 192/788/788
f 879/735/735 854/829/829 883/830/830
f 880/831/831 200/694/694 611/693/693
f 614/826/826 611/693/693 199/692/692
f 45/728/728 881/832/832 875/729/729
f 612/823/823 609/833/833 881/832/832
f 881/832/832 200/694/694 615/834/834
f 571/828/828 883/830/830 854/829/829
f 192/788/788 882/835/835 571/828/828
f 620/836/836 616/709/709 882/835/835
f 882/835/835 201/708/708 883/830/830
f 570/787/787 620/836/836 192/788/788
f 570/787/787 621/837/837 855/838/838
f 855/838/838 203/713/713 618/712/712
f 855/838/838 202/711/711 620/836/836
f 133/503/503 856/839/839 621/837/837
f 390/502/502 622/840/840 856/839/839
f 856/839/839 204/715/715 619/714/714
f 856/839/839 203/713/713 621/837/837
f 46/736/736 884/841/841 622/840/840
f 884/841/841 201/708/708 617/842/842
f 622/840/840 617/842/842 204/715/715
f 212/843/843 857/844/844 655/845/845
f 210/704/704 857/844/844 636/846/846
f 655/845/845 653/703/703 205/510/510
f 218/847/847 858/848/848 628/849/849
f 217/695/695 858/848/848 645/850/850
f 628/849/849 631/697/697 206/701/701
f 209/705/705 859/851/851 651/707/707
f 211/504/504 859/851/851 635/852/852
f 651/707/707 654/506/506 205/510/510
f 216/764/764 860/853/853 633/762/762
f 218/847/847 860/853/853 644/854/854
f 633/762/762 628/849/849 206/701/701
f 208/752/752 861/855/855 650/750/750
f 212/843/843 861/855/855 634/856/856
f 650/750/750 655/845/845 205/510/510
f 214/746/746 862/857/857 649/748/748
f 215/759/759 862/857/857 643/858/858
f 649/748/748 641/761/761 206/701/701
f 598/809/809 629/859/859 190/810/810
f 598/809/809 626/860/860 863/861/861
f 863/861/861 212/843/843 634/856/856
f 629/859/859 634/856/856 208/752/752
f 191/799/799 864/862/862 630/863/863
f 601/822/822 625/864/864 864/862/862
f 625/864/864 635/852/852 864/862/862
f 630/863/863 635/852/852 209/705/705
f 597/805/805 626/860/860 193/806/806
f 189/800/800 865/865/865 597/805/805
f 623/866/866 636/846/846 865/865/865
f 865/865/865 212/843/843 626/860/860
f 599/813/813 388/867/867 195/816/816
f 190/810/810 866/868/868 599/813/813
f 629/859/859 637/751/751 866/868/868
f 388/867/867 637/751/751 207/507/507
f 596/797/797 623/866/866 189/800/800
f 596/797/797 630/863/863 867/869/869
f 867/869/869 209/705/705 638/702/702
f 867/869/869 210/704/704 623/866/866
f 600/818/818 625/864/864 184/820/820
f 600/818/818 388/867/867 868/870/870
f 868/870/870 207/507/507 639/508/508
f 868/870/870 211/504/504 625/864/864
f 588/789/789 640/871/871 183/791/791
f 187/790/790 869/872/872 588/789/789
f 395/873/873 643/858/858 869/872/872
f 869/872/872 214/746/746 640/871/871
f 166/773/773 870/874/874 642/875/875
f 185/770/770 870/874/874 584/768/768
f 627/876/876 644/854/854 870/874/874
f 642/875/875 644/854/854 216/764/764
f 587/784/784 627/876/876 185/770/770
f 181/785/785 871/877/877 587/784/784
f 871/877/877 217/695/695 645/850/850
f 871/877/877 218/847/847 627/876/876
f 585/775/775 395/873/873 187/790/790
f 585/775/775 642/875/875 872/878/878
f 872/878/878 216/764/764 646/763/763
f 872/878/878 215/759/759 395/873/873
f 131/879/777 873/880/879 387/881/880
f 589/795/795 640/871/871 873/880/879
f 873/880/879 214/746/746 647/747/747
f 387/881/880 647/747/747 213/698/698
f 181/785/785 874/882/881 624/883/882
f 586/780/780 387/881/880 874/882/881
f 387/881/880 648/699/699 874/882/881
f 874/882/881 217/695/695 624/883/882
f 617/842/842 201/708/708 827/710/710
f 616/709/709 202/711/711 827/710/710
f 619/714/714 827/710/710 203/713/713
f 617/842/842 827/710/710 204/715/715
f 611/693/693 824/689/689 199/692/692
f 609/833/833 824/689/689 200/694/694
f 608/688/688 198/690/690 824/689/689
f 609/833/833 197/687/687 824/689/689
f 830/730/730 875/729/729 391/884/883
f 830/730/730 574/726/726 876/725/725
f 831/734/734 574/726/726 877/732/732
f 831/734/734 392/885/884 878/733/733
f 615/834/834 875/729/729 881/832/832
f 883/830/830 392/885/884 879/735/735
f 571/828/828 615/834/834 880/831/831
f 391/884/883 854/829/829 134/731/731
f 44/1/1 362/4/4 656/2/2
f 362/4/4 118/10/10 400/5/5
f 656/2/2 400/5/5 139/6/6
f 385/3/3 656/2/2 403/7/7
f 361/9/9 657/12/12 400/5/5
f 20/11/11 223/13/13 657/12/12
f 223/13/13 49/16/16 401/14/14
f 657/12/12 401/14/14 139/6/6
f 401/14/14 658/17/17 402/15/15
f 49/16/16 224/18/18 658/17/17
f 224/18/18 4/250/250 341/19/19
f 658/17/17 341/19/19 108/20/20
f 130/8/8 403/7/7 659/21/21
f 403/7/7 139/6/6 402/15/15
f 659/21/21 402/15/15 108/20/20
f 386/22/22 659/21/21 342/23/23
f 40/25/25 354/28/28 660/26/26
f 354/28/28 114/33/33 404/29/29
f 660/26/26 404/29/29 140/30/30
f 383/27/27 660/26/26 407/31/31
f 114/33/33 353/35/35 661/34/34
f 353/35/35 12/278/278 229/36/36
f 661/34/34 229/36/36 52/37/37
f 404/29/29 661/34/34 405/38/38
f 140/30/30 405/38/38 662/39/39
f 405/38/38 52/37/37 230/41/41
f 662/39/39 230/41/41 8/42/42
f 662/39/39 343/43/43 109/44/44
f 129/32/32 407/31/31 663/45/45
f 407/31/31 140/30/30 406/40/40
f 663/45/45 406/40/40 109/44/44
f 384/46/46 663/45/45 344/47/47
f 42/49/49 358/52/52 664/50/50
f 358/52/52 116/57/57 408/53/53
f 664/50/50 408/53/53 141/54/54
f 381/51/51 664/50/50 411/55/55
f 116/57/57 357/59/59 665/58/58
f 357/59/59 24/141/141 235/60/60
f 665/58/58 235/60/60 55/61/61
f 408/53/53 665/58/58 409/62/62
f 141/54/54 409/62/62 666/63/63
f 409/62/62 55/61/61 236/65/65
f 666/63/63 236/65/65 6/66/66
f 410/64/64 666/63/63 345/67/67
f 128/56/56 411/55/55 667/69/69
f 411/55/55 141/54/54 410/64/64
f 667/69/69 410/64/64 110/68/68
f 382/70/70 667/69/69 346/71/71
f 38/73/73 350/76/76 668/74/74
f 350/76/76 112/81/81 412/77/77
f 668/74/74 412/77/77 142/78/78
f 379/75/75 668/74/74 415/79/79
f 112/81/81 349/83/83 669/82/82
f 349/83/83 16/140/140 241/84/84
f 669/82/82 241/84/84 58/85/85
f 412/77/77 669/82/82 413/86/86
f 142/78/78 413/86/86 670/87/87
f 413/86/86 58/85/85 242/89/89
f 670/87/87 242/89/89 2/90/90
f 414/88/88 670/87/87 222/91/91
f 127/80/80 415/79/79 671/93/93
f 415/79/79 142/78/78 414/88/88
f 671/93/93 414/88/88 48/92/92
f 380/94/94 671/93/93 221/95/95
f 32/97/97 330/100/100 672/98/98
f 330/100/100 102/105/105 416/101/101
f 672/98/98 416/101/101 143/102/102
f 265/99/99 672/98/98 419/103/103
f 102/105/105 329/107/107 673/106/106
f 329/107/107 21/471/471 284/108/108
f 673/106/106 284/108/108 79/109/109
f 416/101/101 673/106/106 417/110/110
f 143/102/102 417/110/110 674/111/111
f 417/110/110 79/109/109 283/113/113
f 674/111/111 283/113/113 5/114/114
f 418/112/112 674/111/111 240/115/115
f 70/104/104 419/103/103 675/117/117
f 419/103/103 143/102/102 418/112/112
f 675/117/117 418/112/112 57/116/116
f 266/118/118 675/117/117 239/119/119
f 28/121/121 326/124/124 676/122/122
f 326/124/124 100/129/129 420/125/125
f 676/122/122 420/125/125 144/126/126
f 261/123/123 676/122/122 423/127/127
f 100/129/129 325/131/131 677/130/130
f 325/131/131 19/438/438 280/132/132
f 677/130/130 280/132/132 77/133/133
f 420/125/125 677/130/130 421/134/134
f 144/126/126 421/134/134 678/135/135
f 421/134/134 77/133/133 279/137/137
f 678/135/135 279/137/137 2/90/90
f 422/136/136 678/135/135 242/89/89
f 68/128/128 423/127/127 679/138/138
f 423/127/127 144/126/126 422/136/136
f 679/138/138 422/136/136 58/85/85
f 262/139/139 679/138/138 241/84/84
f 24/141/141 322/143/143 680/142/142
f 322/143/143 98/147/147 424/144/144
f 680/142/142 424/144/144 145/145/145
f 235/60/60 680/142/142 427/146/146
f 98/147/147 321/149/149 681/148/148
f 321/149/149 26/162/162 259/150/150
f 681/148/148 259/150/150 67/151/151
f 424/144/144 681/148/148 425/152/152
f 145/145/145 425/152/152 682/153/153
f 425/152/152 67/151/151 260/155/155
f 682/153/153 260/155/155 15/156/156
f 426/154/154 682/153/153 256/157/157
f 55/61/61 427/146/146 683/159/159
f 427/146/146 145/145/145 426/154/154
f 683/159/159 426/154/154 65/158/158
f 683/159/159 255/160/160 6/66/66
f 318/161/161 684/164/164 259/150/150
f 96/163/163 428/165/165 684/164/164
f 428/165/165 146/170/170 431/166/166
f 259/150/150 684/164/164 431/166/166
f 317/167/167 685/168/168 428/165/165
f 317/167/167 28/121/121 261/123/123
f 685/168/168 261/123/123 68/128/128
f 685/168/168 429/169/169 146/170/170
f 429/169/169 686/172/172 430/171/171
f 68/128/128 262/139/139 686/172/172
f 262/139/139 16/140/140 258/173/173
f 686/172/172 258/173/173 66/174/174
f 67/151/151 431/166/166 687/175/175
f 146/170/170 430/171/171 687/175/175
f 430/171/171 66/174/174 257/176/176
f 260/155/155 687/175/175 257/176/176
f 314/177/177 688/181/181 219/178/178
f 94/180/180 432/182/182 688/181/181
f 432/182/182 147/190/190 435/183/183
f 688/181/181 435/183/183 47/184/184
f 313/185/185 689/187/187 432/182/182
f 30/186/186 263/188/188 689/187/187
f 263/188/188 69/192/192 433/189/189
f 689/187/187 433/189/189 147/190/190
f 433/189/189 690/193/193 434/191/191
f 69/192/192 264/194/194 690/193/193
f 264/194/194 13/216/216 252/195/195
f 690/193/193 252/195/195 63/196/196
f 435/183/183 691/198/198 220/197/197
f 147/190/190 434/191/191 691/198/198
f 434/191/191 63/196/196 251/199/199
f 691/198/198 251/199/199 1/200/200
f 310/201/201 692/203/203 263/188/188
f 310/201/201 92/206/206 436/202/202
f 692/203/203 436/202/202 148/204/204
f 692/203/203 439/205/205 69/192/192
f 92/206/206 309/208/208 693/207/207
f 309/208/208 32/97/97 265/99/99
f 693/207/207 265/99/99 70/104/104
f 436/202/202 693/207/207 437/209/209
f 148/204/204 437/209/209 694/210/210
f 437/209/209 70/104/104 266/118/118
f 694/210/210 266/118/118 14/120/120
f 438/211/211 694/210/210 254/212/212
f 439/205/205 695/214/214 264/194/194
f 439/205/205 148/204/204 438/211/211
f 695/214/214 438/211/211 64/213/213
f 695/214/214 253/215/215 13/216/216
f 36/72/72 346/71/71 696/217/217
f 346/71/71 110/68/68 440/219/219
f 440/219/219 149/224/224 443/220/220
f 696/217/217 443/220/220 126/221/221
f 345/67/67 697/222/222 440/219/219
f 6/66/66 255/160/160 697/222/222
f 255/160/160 65/158/158 441/223/223
f 697/222/222 441/223/223 149/224/224
f 441/223/223 698/226/226 442/225/225
f 65/158/158 256/157/157 698/226/226
f 256/157/157 15/156/156 347/227/227
f 698/226/226 347/227/227 111/228/228
f 443/220/220 699/230/230 378/229/229
f 149/224/224 442/225/225 699/230/230
f 442/225/225 111/228/228 348/231/231
f 699/230/230 348/231/231 37/232/232
f 348/231/231 700/234/234 375/233/233
f 111/228/228 444/235/235 700/234/234
f 444/235/235 150/240/240 447/236/236
f 700/234/234 447/236/236 125/237/237
f 347/227/227 701/238/238 444/235/235
f 15/156/156 257/176/176 701/238/238
f 257/176/176 66/174/174 445/239/239
f 701/238/238 445/239/239 150/240/240
f 150/240/240 445/239/239 702/241/241
f 445/239/239 66/174/174 258/173/173
f 702/241/241 258/173/173 16/140/140
f 446/242/242 702/241/241 349/83/83
f 125/237/237 447/236/236 703/243/243
f 447/236/236 150/240/240 446/242/242
f 703/243/243 446/242/242 112/81/81
f 376/244/244 703/243/243 350/76/76
f 34/24/24 342/23/23 704/245/245
f 108/20/20 448/247/247 704/245/245
f 448/247/247 151/254/254 451/248/248
f 704/245/245 451/248/248 124/249/249
f 341/19/19 705/251/251 448/247/247
f 4/250/250 247/252/252 705/251/251
f 247/252/252 61/414/414 449/253/253
f 705/251/251 449/253/253 151/254/254
f 449/253/253 706/257/257 450/255/255
f 449/253/253 61/414/414 248/256/256
f 706/257/257 248/256/256 11/258/258
f 450/255/255 706/257/257 351/259/259
f 451/248/248 707/262/262 374/261/261
f 151/254/254 450/255/255 707/262/262
f 450/255/255 113/260/260 352/263/263
f 707/262/262 352/263/263 39/264/264
f 352/263/263 708/266/266 371/265/265
f 113/260/260 452/267/267 708/266/266
f 452/267/267 152/274/274 455/268/268
f 708/266/266 455/268/268 123/269/269
f 113/260/260 351/259/259 709/270/270
f 351/259/259 11/258/258 249/271/271
f 709/270/270 249/271/271 62/272/272
f 452/267/267 709/270/270 453/273/273
f 152/274/274 453/273/273 710/275/275
f 453/273/273 62/272/272 250/277/277
f 710/275/275 250/277/277 12/278/278
f 454/276/276 710/275/275 353/35/35
f 123/269/269 455/268/268 711/279/279
f 455/268/268 152/274/274 454/276/276
f 711/279/279 454/276/276 114/33/33
f 372/280/280 711/279/279 354/28/28
f 10/281/281 246/284/284 712/282/282
f 246/284/284 60/289/289 456/285/285
f 712/282/282 456/285/285 153/286/286
f 299/283/283 712/282/282 459/287/287
f 60/289/289 245/291/291 713/290/290
f 245/291/291 9/440/440 303/292/292
f 713/290/290 303/292/292 89/293/293
f 456/285/285 713/290/290 457/294/294
f 153/286/286 457/294/294 714/295/295
f 457/294/294 89/293/293 304/297/297
f 714/295/295 304/297/297 31/298/298
f 458/296/296 714/295/295 307/299/299
f 87/288/288 459/287/287 715/301/301
f 459/287/287 153/286/286 458/296/296
f 715/301/301 458/296/296 91/300/300
f 300/302/302 715/301/301 308/303/303
f 29/304/304 308/303/303 716/305/305
f 308/303/303 91/300/300 460/307/307
f 716/305/305 460/307/307 154/308/308
f 301/306/306 716/305/305 463/309/309
f 91/300/300 307/299/299 717/311/311
f 307/299/299 31/298/298 305/312/312
f 717/311/311 305/312/312 90/313/313
f 460/307/307 717/311/311 461/314/314
f 154/308/308 461/314/314 718/315/315
f 461/314/314 90/313/313 306/317/317
f 718/315/315 306/317/317 32/97/97
f 462/316/316 718/315/315 309/208/208
f 463/309/309 719/319/319 302/318/318
f 463/309/309 154/308/308 462/316/316
f 462/316/316 92/206/206 310/201/201
f 719/319/319 310/201/201 30/186/186
f 3/320/320 228/323/323 720/321/321
f 228/323/323 51/328/328 464/324/324
f 720/321/321 464/324/324 155/325/325
f 275/322/322 720/321/321 467/326/326
f 51/328/328 227/330/330 721/329/329
f 227/330/330 10/281/281 299/283/283
f 721/329/329 299/283/283 87/288/288
f 464/324/324 721/329/329 465/331/331
f 155/325/325 465/331/331 722/332/332
f 465/331/331 87/288/288 300/302/302
f 722/332/332 300/302/302 29/304/304
f 466/333/333 722/332/332 311/334/334
f 75/327/327 467/326/326 723/336/336
f 467/326/326 155/325/325 466/333/333
f 723/336/336 466/333/333 93/335/335
f 276/337/337 723/336/336 312/338/338
f 17/339/339 312/338/338 724/340/340
f 312/338/338 93/335/335 468/342/342
f 724/340/340 468/342/342 156/343/343
f 277/341/341 724/340/340 471/344/344
f 93/335/335 311/334/334 725/346/346
f 311/334/334 29/304/304 301/306/306
f 725/346/346 301/306/306 88/310/310
f 468/342/342 725/346/346 469/347/347
f 469/347/347 726/349/349 470/348/348
f 88/310/310 302/318/318 726/349/349
f 302/318/318 30/186/186 313/185/185
f 726/349/349 313/185/185 94/180/180
f 76/345/345 471/344/344 727/350/350
f 156/343/343 470/348/348 727/350/350
f 470/348/348 94/180/180 314/177/177
f 727/350/350 314/177/177 18/179/179
f 250/277/277 728/353/353 291/352/352
f 62/272/272 472/354/354 728/353/353
f 472/354/354 157/360/360 475/355/355
f 728/353/353 475/355/355 83/356/356
f 249/271/271 729/357/357 472/354/354
f 11/258/258 295/358/358 729/357/357
f 295/358/358 85/362/362 473/359/359
f 729/357/357 473/359/359 157/360/360
f 473/359/359 730/363/363 474/361/361
f 85/362/362 296/364/364 730/363/363
f 296/364/364 27/376/376 315/365/365
f 730/363/363 315/365/365 95/366/366
f 475/355/355 731/368/368 292/367/367
f 157/360/360 474/361/361 731/368/368
f 474/361/361 95/366/366 316/369/369
f 731/368/368 316/369/369 25/370/370
f 316/369/369 732/372/372 293/371/371
f 95/366/366 476/373/373 732/372/372
f 476/373/373 158/380/380 479/374/374
f 732/372/372 479/374/374 84/375/375
f 315/365/365 733/377/377 476/373/373
f 27/376/376 297/378/378 733/377/377
f 297/378/378 86/430/430 477/379/379
f 733/377/377 477/379/379 158/380/380
f 477/379/379 734/383/383 478/381/381
f 477/379/379 86/430/430 298/382/382
f 734/383/383 298/382/382 28/121/121
f 734/383/383 317/167/167 96/163/163
f 479/374/374 735/385/385 294/384/384
f 158/380/380 478/381/381 735/385/385
f 478/381/381 96/163/163 318/161/161
f 735/385/385 318/161/161 26/162/162
f 230/41/41 736/387/387 287/386/386
f 52/37/37 480/388/388 736/387/387
f 480/388/388 159/393/393 483/389/389
f 736/387/387 483/389/389 81/390/390
f 229/36/36 737/391/391 480/388/388
f 12/278/278 291/352/352 737/391/391
f 291/352/352 83/356/356 481/392/392
f 737/391/391 481/392/392 159/393/393
f 481/392/392 738/395/395 482/394/394
f 83/356/356 292/367/367 738/395/395
f 292/367/367 25/370/370 319/396/396
f 738/395/395 319/396/396 97/397/397
f 483/389/389 739/399/399 288/398/398
f 159/393/393 482/394/394 739/399/399
f 482/394/394 97/397/397 320/400/400
f 739/399/399 320/400/400 23/401/401
f 320/400/400 740/403/403 289/402/402
f 97/397/397 484/407/407 740/403/403
f 740/403/403 484/407/407 160/404/404
f 740/403/403 487/405/405 82/406/406
f 319/396/396 741/408/408 484/407/407
f 25/370/370 293/371/371 741/408/408
f 293/371/371 84/375/375 485/409/409
f 484/407/407 741/408/408 485/409/409
f 160/404/404 485/409/409 742/410/410
f 84/375/375 294/384/384 742/410/410
f 742/410/410 294/384/384 26/162/162
f 486/411/411 742/410/410 321/149/149
f 82/406/406 487/405/405 743/412/412
f 487/405/405 160/404/404 486/411/411
f 743/412/412 486/411/411 98/147/147
f 290/413/413 743/412/412 322/143/143
f 248/256/256 744/415/415 295/358/358
f 61/414/414 488/416/416 744/415/415
f 488/416/416 161/420/420 491/417/417
f 744/415/415 491/417/417 85/362/362
f 247/252/252 745/418/418 488/416/416
f 4/250/250 224/18/18 745/418/418
f 224/18/18 49/16/16 489/419/419
f 745/418/418 489/419/419 161/420/420
f 489/419/419 746/422/422 490/421/421
f 49/16/16 223/13/13 746/422/422
f 223/13/13 20/11/11 323/423/423
f 746/422/422 323/423/423 99/424/424
f 491/417/417 747/425/425 296/364/364
f 161/420/420 490/421/421 747/425/425
f 490/421/421 99/424/424 324/426/426
f 747/425/425 324/426/426 27/376/376
f 324/426/426 748/427/427 297/378/378
f 99/424/424 492/428/428 748/427/427
f 492/428/428 162/434/434 495/429/429
f 748/427/427 495/429/429 86/430/430
f 323/423/423 749/431/431 492/428/428
f 20/11/11 282/432/432 749/431/431
f 282/432/432 78/436/436 493/433/433
f 749/431/431 493/433/433 162/434/434
f 493/433/433 750/437/437 494/435/435
f 78/436/436 281/532/532 750/437/437
f 750/437/437 281/532/532 19/438/438
f 494/435/435 750/437/437 325/131/131
f 495/429/429 751/439/439 298/382/382
f 162/434/434 494/435/435 751/439/439
f 751/439/439 494/435/435 100/129/129
f 298/382/382 751/439/439 326/124/124
f 9/440/440 244/443/443 752/441/441
f 59/442/442 496/444/444 752/441/441
f 496/444/444 163/451/451 499/445/445
f 303/292/292 752/441/441 499/445/445
f 243/446/446 753/448/448 496/444/444
f 7/447/447 234/449/449 753/448/448
f 234/449/449 54/453/453 497/450/450
f 753/448/448 497/450/450 163/451/451
f 497/450/450 754/454/454 498/452/452
f 54/453/453 233/455/455 754/454/454
f 233/455/455 22/464/464 327/456/456
f 754/454/454 327/456/456 101/457/457
f 89/293/293 499/445/445 755/458/458
f 163/451/451 498/452/452 755/458/458
f 498/452/452 101/457/457 328/459/459
f 304/297/297 755/458/458 328/459/459
f 31/298/298 328/459/459 756/460/460
f 328/459/459 101/457/457 500/461/461
f 756/460/460 500/461/461 164/462/462
f 305/312/312 756/460/460 503/463/463
f 327/456/456 757/465/465 500/461/461
f 22/464/464 286/466/466 757/465/465
f 286/466/466 80/572/572 501/467/467
f 500/461/461 757/465/465 501/467/467
f 164/462/462 501/467/467 758/468/468
f 501/467/467 80/572/572 285/470/470
f 758/468/468 285/470/470 21/471/471
f 502/469/469 758/468/468 329/107/107
f 90/313/313 503/463/463 759/472/472
f 503/463/463 164/462/462 502/469/469
f 759/472/472 502/469/469 102/105/105
f 306/317/317 759/472/472 330/100/100
f 344/47/47 760/474/474 369/473/473
f 109/44/44 504/475/475 760/474/474
f 504/475/475 165/480/480 507/476/476
f 760/474/474 507/476/476 122/477/477
f 343/43/43 761/478/478 504/475/475
f 8/42/42 287/386/386 761/478/478
f 287/386/386 81/390/390 505/479/479
f 761/478/478 505/479/479 165/480/480
f 505/479/479 762/482/482 506/481/481
f 81/390/390 288/398/398 762/482/482
f 288/398/398 23/401/401 355/483/483
f 762/482/482 355/483/483 115/484/484
f 507/476/476 763/486/486 370/485/485
f 165/480/480 506/481/481 763/486/486
f 763/486/486 506/481/481 115/484/484
f 763/486/486 356/487/487 41/488/488
f 357/59/59 764/490/490 396/489/489
f 116/57/57 508/491/491 764/490/490
f 508/491/491 186/497/497 511/492/492
f 764/490/490 511/492/492 136/493/493
f 358/52/52 765/494/494 508/491/491
f 42/49/49 393/495/495 765/494/494
f 393/495/495 135/499/499 509/496/496
f 765/494/494 509/496/496 186/497/497
f 509/496/496 766/500/500 510/498/498
f 135/499/499 394/501/501 766/500/500
f 394/501/501 46/736/736 390/502/502
f 510/498/498 766/500/500 390/502/502
f 211/504/504 639/508/508 767/505/505
f 207/507/507 652/509/509 767/505/505
f 654/506/506 767/505/505 652/509/509
f 221/95/95 768/512/512 365/511/511
f 48/92/92 512/513/513 768/512/512
f 512/513/513 167/518/518 515/514/514
f 768/512/512 515/514/514 120/515/515
f 222/91/91 769/516/516 512/513/513
f 2/90/90 279/137/137 769/516/516
f 769/516/516 279/137/137 77/133/133
f 769/516/516 513/517/517 167/518/518
f 513/517/517 770/520/520 514/519/519
f 513/517/517 77/133/133 280/132/132
f 770/520/520 280/132/132 19/438/438
f 770/520/520 359/521/521 117/522/522
f 515/514/514 771/524/524 366/523/523
f 167/518/518 514/519/519 771/524/524
f 514/519/519 117/522/522 360/525/525
f 771/524/524 360/525/525 43/526/526
f 360/525/525 772/528/528 363/527/527
f 117/522/522 516/529/529 772/528/528
f 516/529/529 168/535/535 519/530/530
f 772/528/528 519/530/530 119/531/531
f 359/521/521 773/533/533 516/529/529
f 359/521/521 19/438/438 281/532/532
f 281/532/532 78/436/436 517/534/534
f 773/533/533 517/534/534 168/535/535
f 517/534/534 774/537/537 518/536/536
f 78/436/436 282/432/432 774/537/537
f 282/432/432 20/11/11 361/9/9
f 774/537/537 361/9/9 118/10/10
f 519/530/530 775/539/539 364/538/538
f 168/535/535 518/536/536 775/539/539
f 518/536/536 118/10/10 362/4/4
f 775/539/539 362/4/4 44/1/1
f 336/540/540 776/542/542 278/351/351
f 105/541/541 520/546/546 776/542/542
f 776/542/542 520/546/546 169/543/543
f 278/351/351 776/542/542 523/544/544
f 335/545/545 777/547/547 520/546/546
f 43/526/526 363/527/527 777/547/547
f 363/527/527 119/531/531 521/548/548
f 777/547/547 521/548/548 169/543/543
f 169/543/543 521/548/548 778/549/549
f 119/531/531 364/538/538 778/549/549
f 778/549/549 364/538/538 44/1/1
f 522/550/550 778/549/549 337/551/551
f 76/345/345 523/544/544 779/553/553
f 523/544/544 169/543/543 522/550/550
f 779/553/553 522/550/550 106/552/552
f 277/341/341 779/553/553 338/554/554
f 1/200/200 339/557/557 780/555/555
f 107/556/556 524/558/558 780/555/555
f 524/558/558 170/563/563 527/559/559
f 780/555/555 527/559/559 47/184/184
f 340/560/560 781/561/561 524/558/558
f 33/96/96 365/511/511 781/561/561
f 365/511/511 120/515/515 525/562/562
f 781/561/561 525/562/562 170/563/563
f 525/562/562 782/565/565 526/564/564
f 120/515/515 366/523/523 782/565/565
f 366/523/523 43/526/526 335/545/545
f 782/565/565 335/545/545 105/541/541
f 527/559/559 783/566/566 219/178/178
f 170/563/563 526/564/564 783/566/566
f 526/564/564 105/541/541 336/540/540
f 783/566/566 336/540/540 18/179/179
f 332/567/567 784/569/569 286/466/466
f 103/568/568 528/570/570 784/569/569
f 528/570/570 171/577/577 531/571/571
f 784/569/569 531/571/571 80/572/572
f 331/573/573 785/574/574 528/570/570
f 41/488/488 367/575/575 785/574/574
f 367/575/575 121/720/720 529/576/576
f 785/574/574 529/576/576 171/577/577
f 529/576/576 786/580/580 530/578/578
f 529/576/576 121/720/720 368/579/579
f 786/580/580 368/579/579 42/49/49
f 530/578/578 786/580/580 333/581/581
f 531/571/571 787/583/583 285/470/470
f 171/577/577 530/578/578 787/583/583
f 787/583/583 530/578/578 104/582/582
f 787/583/583 334/584/584 21/471/471
f 232/585/585 788/587/587 234/449/449
f 232/585/585 53/589/589 532/586/586
f 532/586/586 172/593/593 535/588/588
f 788/587/587 535/588/588 54/453/453
f 53/589/589 231/591/591 789/590/590
f 231/591/591 35/48/48 369/473/473
f 369/473/473 122/477/477 533/592/592
f 789/590/590 533/592/592 172/593/593
f 533/592/592 790/595/595 534/594/594
f 122/477/477 370/485/485 790/595/595
f 370/485/485 41/488/488 331/573/573
f 790/595/595 331/573/573 103/568/568
f 535/588/588 791/596/596 233/455/455
f 172/593/593 534/594/594 791/596/596
f 534/594/594 103/568/568 332/567/567
f 791/596/596 332/567/567 22/464/464
f 272/597/597 792/599/599 246/284/284
f 73/598/598 536/603/603 792/599/599
f 792/599/599 536/603/603 173/600/600
f 246/284/284 792/599/599 539/601/601
f 271/602/602 793/604/604 536/603/603
f 39/264/264 371/265/265 793/604/604
f 371/265/265 123/269/269 537/605/605
f 793/604/604 537/605/605 173/600/600
f 173/600/600 537/605/605 794/606/606
f 537/605/605 123/269/269 372/280/280
f 794/606/606 372/280/280 40/25/25
f 538/607/607 794/606/606 273/608/608
f 60/289/289 539/601/601 795/610/610
f 539/601/601 173/600/600 538/607/607
f 795/610/610 538/607/607 74/609/609
f 245/291/291 795/610/610 274/611/611
f 3/320/320 226/613/613 796/612/612
f 226/613/613 50/617/617 540/614/614
f 540/614/614 174/620/620 543/615/615
f 796/612/612 543/615/615 51/328/328
f 225/616/616 797/618/618 540/614/614
f 225/616/616 34/24/24 373/246/246
f 373/246/246 124/249/249 541/619/619
f 797/618/618 541/619/619 174/620/620
f 541/619/619 798/622/622 542/621/621
f 124/249/249 374/261/261 798/622/622
f 374/261/261 39/264/264 271/602/602
f 798/622/622 271/602/602 73/598/598
f 543/615/615 799/623/623 227/330/330
f 174/620/620 542/621/621 799/623/623
f 542/621/621 73/598/598 272/597/597
f 799/623/623 272/597/597 10/281/281
f 268/624/624 800/626/626 254/212/212
f 71/625/625 544/627/627 800/626/626
f 544/627/627 175/632/632 547/628/628
f 800/626/626 547/628/628 64/213/213
f 267/629/629 801/630/630 544/627/627
f 37/232/232 375/233/233 801/630/630
f 375/233/233 125/237/237 545/631/631
f 801/630/630 545/631/631 175/632/632
f 545/631/631 802/634/634 546/633/633
f 125/237/237 376/244/244 802/634/634
f 802/634/634 376/244/244 38/73/73
f 802/634/634 269/635/635 72/636/636
f 547/628/628 803/637/637 253/215/215
f 175/632/632 546/633/633 803/637/637
f 546/633/633 72/636/636 270/638/638
f 253/215/215 803/637/637 270/638/638
f 238/639/639 804/641/641 240/115/115
f 56/640/640 548/642/642 804/641/641
f 548/642/642 176/647/647 551/643/643
f 804/641/641 551/643/643 57/116/116
f 56/640/640 237/645/645 805/644/644
f 237/645/645 36/72/72 377/218/218
f 377/218/218 126/221/221 549/646/646
f 805/644/644 549/646/646 176/647/647
f 549/646/646 806/649/649 550/648/648
f 126/221/221 378/229/229 806/649/649
f 378/229/229 37/232/232 267/629/629
f 806/649/649 267/629/629 71/625/625
f 551/643/643 807/650/650 239/119/119
f 176/647/647 550/648/648 807/650/650
f 550/648/648 71/625/625 268/624/624
f 807/650/650 268/624/624 14/120/120
f 13/216/216 270/638/638 808/651/651
f 270/638/638 72/636/636 552/652/652
f 808/651/651 552/652/652 177/653/653
f 252/195/195 808/651/651 555/654/654
f 72/636/636 269/635/635 809/655/655
f 269/635/635 38/73/73 379/75/75
f 809/655/655 379/75/75 127/80/80
f 552/652/652 809/655/655 553/656/656
f 177/653/653 553/656/656 810/657/657
f 553/656/656 127/80/80 380/94/94
f 810/657/657 380/94/94 33/96/96
f 554/658/658 810/657/657 340/560/560
f 63/196/196 555/654/654 811/659/659
f 555/654/654 177/653/653 554/658/658
f 554/658/658 107/556/556 339/557/557
f 811/659/659 339/557/557 1/200/200
f 21/471/471 334/584/584 812/660/660
f 334/584/584 104/582/582 556/661/661
f 812/660/660 556/661/661 178/662/662
f 284/108/108 812/660/660 559/663/663
f 104/582/582 333/581/581 813/664/664
f 333/581/581 42/49/49 381/51/51
f 813/664/664 381/51/51 128/56/56
f 556/661/661 813/664/664 557/665/665
f 178/662/662 557/665/665 814/666/666
f 557/665/665 128/56/56 382/70/70
f 814/666/666 382/70/70 36/72/72
f 558/667/667 814/666/666 237/645/645
f 79/109/109 559/663/663 815/668/668
f 559/663/663 178/662/662 558/667/667
f 558/667/667 56/640/640 238/639/639
f 815/668/668 238/639/639 5/114/114
f 9/440/440 274/611/611 816/669/669
f 274/611/611 74/609/609 560/670/670
f 816/669/669 560/670/670 179/671/671
f 244/443/443 816/669/669 563/672/672
f 74/609/609 273/608/608 817/673/673
f 273/608/608 40/25/25 383/27/27
f 817/673/673 383/27/27 129/32/32
f 560/670/670 817/673/673 561/674/674
f 179/671/671 561/674/674 818/675/675
f 561/674/674 129/32/32 384/46/46
f 818/675/675 384/46/46 35/48/48
f 562/676/676 818/675/675 231/591/591
f 59/442/442 563/672/672 819/677/677
f 563/672/672 179/671/671 562/676/676
f 819/677/677 562/676/676 53/589/589
f 819/677/677 232/585/585 7/447/447
f 17/339/339 338/554/554 820/678/678
f 338/554/554 106/552/552 564/679/679
f 820/678/678 564/679/679 180/680/680
f 276/337/337 820/678/678 567/681/681
f 106/552/552 337/551/551 821/682/682
f 337/551/551 44/1/1 385/3/3
f 821/682/682 385/3/3 130/8/8
f 564/679/679 821/682/682 565/683/683
f 180/680/680 565/683/683 822/684/684
f 565/683/683 130/8/8 386/22/22
f 822/684/684 386/22/22 34/24/24
f 566/685/685 822/684/684 225/616/616
f 75/327/327 567/681/681 823/686/686
f 567/681/681 180/680/680 566/685/685
f 823/686/686 566/685/685 50/617/617
f 823/686/686 226/613/613 3/320/320
f 217/695/695 648/699/699 825/696/696
f 213/698/698 632/700/700 825/696/696
f 631/697/697 825/696/696 632/700/700
f 638/702/702 826/706/706 653/703/703
f 209/705/705 651/707/707 826/706/706
f 205/510/510 653/703/703 826/706/706
f 368/579/579 828/717/717 393/495/495
f 368/579/579 121/720/720 572/716/716
f 828/717/717 572/716/716 182/718/718
f 828/717/717 575/719/719 135/499/499
f 121/720/720 367/575/575 829/721/721
f 367/575/575 41/488/488 397/722/722
f 829/721/721 397/722/722 137/723/723
f 572/716/716 829/721/721 573/724/724
f 182/718/718 573/724/724 876/725/725
f 573/724/724 137/723/723 398/727/727
f 876/725/725 398/727/727 45/728/728
f 830/730/730 391/884/883 134/731/731
f 575/719/719 878/733/733 394/501/501
f 182/718/718 574/726/726 878/733/733
f 831/734/734 877/732/732 134/731/731
f 878/733/733 392/885/884 46/736/736
f 23/401/401 289/402/402 832/737/737
f 289/402/402 82/406/406 576/739/739
f 832/737/737 576/739/739 194/740/740
f 399/738/738 832/737/737 579/741/741
f 290/413/413 833/743/743 576/739/739
f 24/141/141 396/489/489 833/743/743
f 396/489/489 136/493/493 577/744/744
f 833/743/743 577/744/744 194/740/740
f 213/698/698 647/747/747 834/745/745
f 214/746/746 649/748/748 834/745/745
f 632/700/700 834/745/745 649/748/748
f 207/507/507 637/751/751 835/749/749
f 650/750/750 835/749/749 637/751/751
f 205/510/510 652/509/509 835/749/749
f 41/488/488 356/487/487 836/753/753
f 356/487/487 115/484/484 580/754/754
f 836/753/753 580/754/754 196/755/755
f 397/722/722 836/753/753 583/756/756
f 115/484/484 355/483/483 837/757/757
f 355/483/483 23/401/401 399/738/738
f 837/757/757 399/738/738 138/742/742
f 580/754/754 837/757/757 581/758/758
f 215/759/759 646/763/763 838/760/760
f 633/762/762 838/760/760 646/763/763
f 206/701/701 641/761/761 838/760/760
f 137/723/723 583/756/756 839/765/765
f 583/756/756 196/755/755 582/766/766
f 582/766/766 132/804/804 389/767/767
f 398/727/727 839/765/765 389/767/767
f 584/768/768 840/772/772 590/769/769
f 584/768/768 166/773/773 591/771/771
f 840/772/772 591/771/771 186/497/497
f 840/772/772 510/498/498 133/503/503
f 166/773/773 585/775/775 841/774/774
f 585/775/775 187/790/790 592/776/776
f 592/776/776 136/493/493 511/492/492
f 591/771/771 841/774/774 511/492/492
f 131/777/777 586/780/780 842/778/778
f 586/780/780 181/785/785 594/781/781
f 594/781/781 192/788/788 569/782/782
f 842/778/778 569/782/782 188/783/783
f 587/784/784 843/786/786 594/781/781
f 185/770/770 590/769/769 843/786/786
f 843/786/786 590/769/769 133/503/503
f 594/781/781 843/786/786 570/787/787
f 588/789/789 844/792/792 592/776/776
f 183/791/791 595/793/793 844/792/792
f 595/793/793 194/740/740 577/744/744
f 844/792/792 577/744/744 136/493/493
f 183/791/791 589/795/795 845/794/794
f 589/795/795 131/879/777 593/779/779
f 593/779/779 188/783/783 578/796/796
f 595/793/793 845/794/794 578/796/796
f 596/797/797 846/801/801 602/798/798
f 189/800/800 603/802/802 846/801/801
f 603/802/802 192/788/788 568/803/803
f 846/801/801 568/803/803 132/804/804
f 597/805/805 847/807/807 603/802/802
f 193/806/806 604/808/808 847/807/807
f 604/808/808 188/783/783 569/782/782
f 847/807/807 569/782/782 192/788/788
f 598/809/809 848/811/811 604/808/808
f 190/810/810 605/812/812 848/811/811
f 605/812/812 194/740/740 578/796/796
f 848/811/811 578/796/796 188/783/783
f 599/813/813 849/815/815 605/812/812
f 599/813/813 195/816/816 606/814/814
f 849/815/815 606/814/814 138/742/742
f 605/812/812 849/815/815 579/741/741
f 195/816/816 600/818/818 850/817/817
f 600/818/818 184/820/820 607/819/819
f 607/819/819 196/755/755 581/758/758
f 606/814/814 850/817/817 581/758/758
f 184/820/820 601/822/822 851/821/821
f 601/822/822 191/799/799 602/798/798
f 851/821/821 602/798/798 132/804/804
f 607/819/819 851/821/821 582/766/766
f 389/767/767 852/824/824 612/823/823
f 132/804/804 613/825/825 852/824/824
f 613/825/825 198/690/690 608/688/688
f 852/824/824 608/688/688 197/687/687
f 568/803/803 853/827/827 613/825/825
f 568/803/803 192/788/788 614/826/826
f 853/827/827 614/826/826 199/692/692
f 853/827/827 610/691/691 198/690/690
f 571/828/828 880/831/831 614/826/826
f 879/735/735 134/731/731 854/829/829
f 880/831/831 615/834/834 200/694/694
f 614/826/826 880/831/831 611/693/693
f 45/728/728 612/823/823 881/832/832
f 612/823/823 197/687/687 609/833/833
f 881/832/832 609/833/833 200/694/694
f 571/828/828 882/835/835 883/830/830
f 192/788/788 620/836/836 882/835/835
f 620/836/836 202/711/711 616/709/709
f 882/835/835 616/709/709 201/708/708
f 570/787/787 855/838/838 620/836/836
f 570/787/787 133/503/503 621/837/837
f 855/838/838 621/837/837 203/713/713
f 855/838/838 618/712/712 202/711/711
f 133/503/503 390/502/502 856/839/839
f 390/502/502 46/736/736 622/840/840
f 856/839/839 622/840/840 204/715/715
f 856/839/839 619/714/714 203/713/713
f 46/736/736 392/885/884 884/841/841
f 884/841/841 883/830/830 201/708/708
f 622/840/840 884/841/841 617/842/842
f 212/843/843 636/846/846 857/844/844
f 210/704/704 653/703/703 857/844/844
f 655/845/845 857/844/844 653/703/703
f 218/847/847 645/850/850 858/848/848
f 217/695/695 631/697/697 858/848/848
f 628/849/849 858/848/848 631/697/697
f 209/705/705 635/852/852 859/851/851
f 211/504/504 654/506/506 859/851/851
f 651/707/707 859/851/851 654/506/506
f 216/764/764 644/854/854 860/853/853
f 218/847/847 628/849/849 860/853/853
f 633/762/762 860/853/853 628/849/849
f 208/752/752 634/856/856 861/855/855
f 212/843/843 655/845/845 861/855/855
f 650/750/750 861/855/855 655/845/845
f 214/746/746 643/858/858 862/857/857
f 215/759/759 641/761/761 862/857/857
f 649/748/748 862/857/857 641/761/761
f 598/809/809 863/861/861 629/859/859
f 598/809/809 193/806/806 626/860/860
f 863/861/861 626/860/860 212/843/843
f 629/859/859 863/861/861 634/856/856
f 191/799/799 601/822/822 864/862/862
f 601/822/822 184/820/820 625/864/864
f 625/864/864 211/504/504 635/852/852
f 630/863/863 864/862/862 635/852/852
f 597/805/805 865/865/865 626/860/860
f 189/800/800 623/866/866 865/865/865
f 623/866/866 210/704/704 636/846/846
f 865/865/865 636/846/846 212/843/843
f 599/813/813 866/868/868 388/867/867
f 190/810/810 629/859/859 866/868/868
f 629/859/859 208/752/752 637/751/751
f 388/867/867 866/868/868 637/751/751
f 596/797/797 867/869/869 623/866/866
f 596/797/797 191/799/799 630/863/863
f 867/869/869 630/863/863 209/705/705
f 867/869/869 638/702/702 210/704/704
f 600/818/818 868/870/870 625/864/864
f 600/818/818 195/816/816 388/867/867
f 868/870/870 388/867/867 207/507/507
f 868/870/870 639/508/508 211/504/504
f 588/789/789 869/872/872 640/871/871
f 187/790/790 395/873/873 869/872/872
f 395/873/873 215/759/759 643/858/858
f 869/872/872 643/858/858 214/746/746
f 166/773/773 584/768/768 870/874/874
f 185/770/770 627/876/876 870/874/874
f 627/876/876 218/847/847 644/854/854
f 642/875/875 870/874/874 644/854/854
f 587/784/784 871/877/877 627/876/876
f 181/785/785 624/883/882 871/877/877
f 871/877/877 624/883/882 217/695/695
f 871/877/877 645/850/850 218/847/847
f 585/775/775 872/878/878 395/873/873
f 585/775/775 166/773/773 642/875/875
f 872/878/878 642/875/875 216/764/764
f 872/878/878 646/763/763 215/759/759
f 131/879/777 589/795/795 873/880/879
f 589/795/795 183/791/791 640/871/871
f 873/880/879 640/871/871 214/746/746
f 387/881/880 873/880/879 647/747/747
f 181/785/785 586/780/780 874/882/881
f 586/780/780 131/777/777 387/881/880
f 387/881/880 213/698/698 648/699/699
f 874/882/881 648/699/699 217/695/695
f 830/730/730 876/725/725 875/729/729
f 830/730/730 877/732/732 574/726/726
f 831/734/734 878/733/733 574/726/726
f 831/734/734 879/735/735 392/885/884
f 615/834/834 391/884/883 875/729/729
f 883/830/830 884/841/841 392/885/884
f 571/828/828 854/829/829 615/834/834
f 391/884/883 615/834/834 854/829/829
